ID,date,endVZA,LAI_LXG1,baseline_LAI,LAI_LXG1_nowood,LTLAI
LT12,2024-09-20,10,5.282608695652174,7.08,0,1.39654166666667
LT12,2024-09-20,20,5.902439024390244,6.707317073170732,0,1.39654166666667
LT12,2024-09-20,30,4.7727272727272725,5.142857142857143,0,1.39654166666667
LT12,2024-09-20,40,4.333333333333333,3.6511627906976742,0.6821705426356584,1.39654166666667
LT12,2024-09-20,50,3.7833333333333337,2.7727272727272725,1.0106060606060612,1.39654166666667
LT12,2024-09-20,60,3.5538461538461537,2.1063829787234045,1.4474631751227491,1.39654166666667
LT12,2024-09-20,70,3.3188405797101455,1.7058823529411764,1.612958226768969,1.39654166666667
LT12,2024-09-20,80,3.0714285714285716,1.3859649122807018,1.6854636591478698,1.39654166666667
LT12,2024-09-20,90,2.581081081081081,1.180327868852459,1.400753212228622,1.39654166666667
LT14,2024-09-20,10,8.627118644067798,0.41935483870967744,8.20776380535812,5.70555
LT14,2024-09-20,20,6.688524590163935,0.42857142857142855,6.259953161592506,5.70555
LT14,2024-09-20,30,5.920634920634921,0.5,5.420634920634921,5.70555
LT14,2024-09-20,40,5.626865671641791,0.4909090909090909,5.1359565807326995,5.70555
LT14,2024-09-20,50,5.191176470588235,0.4736842105263159,4.717492260061919,5.70555
LT14,2024-09-20,60,4.638888888888889,0.5178571428571428,4.121031746031747,5.70555
LT14,2024-09-20,70,4.220779220779221,0.5555555555555555,3.6652236652236656,5.70555
LT14,2024-09-20,80,3.846153846153846,0.6470588235294117,3.199095022624434,5.70555
LT14,2024-09-20,90,3.3717948717948714,0.6575342465753424,2.714260625219529,5.70555
LT13,2024-09-20,10,5.76,0.47826086956521735,5.281739130434782,4.6644375
LT13,2024-09-20,20,5.270833333333333,0.3863636363636364,4.884469696969696,4.6644375
LT13,2024-09-20,30,4.175438596491229,0.4074074074074074,3.768031189083821,4.6644375
LT13,2024-09-20,40,3.984848484848485,0.4655172413793104,3.519331243469174,4.6644375
LT13,2024-09-20,50,4.0144927536231885,0.4444444444444445,3.570048309178744,4.6644375
LT13,2024-09-20,60,3.845070422535211,0.47619047619047616,3.368879946344735,4.6644375
LT13,2024-09-20,70,3.3947368421052633,0.5573770491803279,2.8373597929249352,4.6644375
LT13,2024-09-20,80,3.090909090909091,0.6,2.4909090909090907,4.6644375
LT13,2024-09-20,90,2.705128205128205,0.5873015873015873,2.1178266178266174,4.6644375
LT11,2024-09-20,10,9.957142857142856,0.6756756756756757,9.281467181467182,5.95437083333333
LT11,2024-09-20,20,7.253521126760564,0.5853658536585366,6.668155273102028,5.95437083333333
LT11,2024-09-20,30,5.782608695652175,0.68,5.102608695652175,5.95437083333333
LT11,2024-09-20,40,4.690140845070423,0.7843137254901961,3.905827119580227,5.95437083333333
LT11,2024-09-20,50,4.507462686567164,0.7758620689655173,3.731600617601647,5.95437083333333
LT11,2024-09-20,60,4.164179104477611,0.8360655737704918,3.3281135307071192,5.95437083333333
LT11,2024-09-20,70,3.82608695652174,0.8615384615384616,2.964548494983278,5.95437083333333
LT11,2024-09-20,80,3.422535211267606,0.8923076923076922,2.5302275189599137,5.95437083333333
LT11,2024-09-20,90,2.9452054794520546,0.8208955223880597,2.124309957063995,5.95437083333333
LT22,2024-09-20,10,9.142857142857144,5.024390243902439,4.118466898954705,3.10162916666667
LT22,2024-09-20,20,6.636363636363636,4.605263157894737,2.031100478468898,3.10162916666667
LT22,2024-09-20,30,5.476190476190476,3.75,1.7261904761904765,3.10162916666667
LT22,2024-09-20,40,4.838235294117647,3.325,1.5132352941176466,3.10162916666667
LT22,2024-09-20,50,4.309859154929578,2.697674418604651,1.6121847363249269,3.10162916666667
LT22,2024-09-20,60,4.183098591549296,2.2666666666666666,1.9164319248826296,3.10162916666667
LT22,2024-09-20,70,3.733333333333333,1.7884615384615383,1.9448717948717944,3.10162916666667
LT22,2024-09-20,80,3.5263157894736845,1.5357142857142856,1.990601503759399,3.10162916666667
LT22,2024-09-20,90,3.0384615384615383,1.3166666666666669,1.7217948717948717,3.10162916666667
LT24,2024-09-20,10,7.3076923076923075,0.65,6.657692307692307,4.66370416666667
LT24,2024-09-20,20,6.523809523809525,0.6666666666666666,5.857142857142858,4.66370416666667
LT24,2024-09-20,30,5.685714285714286,0.627906976744186,5.0578073089701,4.66370416666667
LT24,2024-09-20,40,5.108108108108108,0.6,4.508108108108108,4.66370416666667
LT24,2024-09-20,50,4.6923076923076925,0.7450980392156863,3.947209653092006,4.66370416666667
LT24,2024-09-20,60,4.085365853658537,0.7962962962962963,3.289069557362241,4.66370416666667
LT24,2024-09-20,70,3.746987951807229,0.7586206896551725,2.9883672621520563,4.66370416666667
LT24,2024-09-20,80,3.380952380952381,0.7704918032786885,2.6104605776736927,4.66370416666667
LT24,2024-09-20,90,2.988095238095238,0.7460317460317459,2.242063492063492,4.66370416666667
LT23,2024-09-20,10,5.203703703703703,0.7999999999999999,4.4037037037037035,4.85415416666667
LT23,2024-09-20,20,5.704918032786885,0.7419354838709677,4.962982548915917,4.85415416666667
LT23,2024-09-20,30,5.453125,0.5853658536585366,4.867759146341464,4.85415416666667
LT23,2024-09-20,40,4.714285714285714,0.5625000000000001,4.151785714285714,4.85415416666667
LT23,2024-09-20,50,4.3999999999999995,0.5283018867924528,3.871698113207547,4.85415416666667
LT23,2024-09-20,60,4.039473684210526,0.5263157894736842,3.5131578947368416,4.85415416666667
LT23,2024-09-20,70,3.641025641025641,0.6071428571428571,3.0338827838827833,4.85415416666667
LT23,2024-09-20,80,3.2375,0.6440677966101696,2.5934322033898303,4.85415416666667
LT23,2024-09-20,90,2.8170731707317076,0.6290322580645161,2.1880409126671916,4.85415416666667
LT21,2024-09-20,10,9.72289156626506,3.5000000000000004,6.22289156626506,4.66585
LT21,2024-09-20,20,7.619718309859156,3.096774193548387,4.522944116310769,4.66585
LT21,2024-09-20,30,6.283783783783784,2.428571428571429,3.8552123552123554,4.66585
LT21,2024-09-20,40,5.6438356164383565,1.8571428571428572,3.7866927592954993,4.66585
LT21,2024-09-20,50,5.038961038961038,1.711111111111111,3.327849927849927,4.66585
LT21,2024-09-20,60,4.576923076923077,1.52,3.0569230769230766,4.66585
LT21,2024-09-20,70,4.207792207792208,1.490566037735849,2.717226170056359,4.66585
LT21,2024-09-20,80,3.769230769230769,1.3620689655172415,2.4071618037135276,4.66585
LT21,2024-09-20,90,3.2658227848101267,1.1935483870967742,2.072274397713352,4.66585
LT32,2024-09-20,10,5.052631578947368,5.170731707317073,0,2.07384166666667
LT32,2024-09-20,20,5.280701754385965,5.5576923076923075,0,2.07384166666667
LT32,2024-09-20,30,5.074626865671641,4.979166666666667,0.09546019900497438,2.07384166666667
LT32,2024-09-20,40,5.061538461538461,4.081632653061225,0.9799058084772369,2.07384166666667
LT32,2024-09-20,50,4.428571428571429,3.056603773584906,1.371967654986523,2.07384166666667
LT32,2024-09-20,60,4.083333333333333,2.4727272727272727,1.6106060606060604,2.07384166666667
LT32,2024-09-20,70,3.736111111111111,1.966101694915254,1.770009416195857,2.07384166666667
LT32,2024-09-20,80,3.3200000000000003,1.59375,1.7262500000000005,2.07384166666667
LT32,2024-09-20,90,2.871794871794872,1.338235294117647,1.5335595776772248,2.07384166666667
LT34,2024-09-20,10,9.897058823529411,1.3409090909090908,8.55614973262032,4.4123625
LT34,2024-09-20,20,7.205882352941177,1.1304347826086956,6.075447570332481,4.4123625
LT34,2024-09-20,30,6.582089552238806,0.94,5.642089552238806,4.4123625
LT34,2024-09-20,40,5.700000000000001,0.9444444444444444,4.755555555555556,4.4123625
LT34,2024-09-20,50,4.95945945945946,0.9285714285714284,4.030888030888031,4.4123625
LT34,2024-09-20,60,4.4935064935064934,0.819672131147541,3.673834362358952,4.4123625
LT34,2024-09-20,70,4.1410256410256405,0.8,3.3410256410256407,4.4123625
LT34,2024-09-20,80,3.7948717948717943,0.8059701492537313,2.9889016456180633,4.4123625
LT34,2024-09-20,90,3.291139240506329,0.7536231884057972,2.5375160521005315,4.4123625
LT33,2024-09-20,10,10.579710144927535,0.5652173913043478,10.01449275362319,5.40359166666667
LT33,2024-09-20,20,7.044117647058823,0.4571428571428572,6.586974789915966,5.40359166666667
LT33,2024-09-20,30,5.76056338028169,0.5333333333333333,5.227230046948357,5.40359166666667
LT33,2024-09-20,40,5.260273972602739,0.6875000000000001,4.572773972602739,5.40359166666667
LT33,2024-09-20,50,4.8493150684931505,0.6666666666666666,4.182648401826484,5.40359166666667
LT33,2024-09-20,60,4.391891891891892,0.6271186440677966,3.7647732478240954,5.40359166666667
LT33,2024-09-20,70,3.897435897435898,0.6949152542372882,3.2025206431986093,5.40359166666667
LT33,2024-09-20,80,3.5061728395061724,0.7377049180327869,2.7684679214733854,5.40359166666667
LT33,2024-09-20,90,3.098765432098765,0.7142857142857143,2.3844797178130506,5.40359166666667
LT31,2024-09-20,10,8.774193548387098,1.0588235294117647,7.715370018975333,4.19845833333333
LT31,2024-09-20,20,6.783333333333334,1.0196078431372548,5.763725490196079,4.19845833333333
LT31,2024-09-20,30,5.852941176470588,1.2448979591836735,4.608043217286914,4.19845833333333
LT31,2024-09-20,40,5.586666666666667,1.1923076923076923,4.394358974358974,4.19845833333333
LT31,2024-09-20,50,5.24,1.0517241379310345,4.1882758620689655,4.19845833333333
LT31,2024-09-20,60,4.947368421052631,1.15,3.797368421052631,4.19845833333333
LT31,2024-09-20,70,4.467532467532467,1.2833333333333334,3.184199134199134,4.19845833333333
LT31,2024-09-20,80,4.078947368421053,1.2153846153846155,2.8635627530364376,4.19845833333333
LT31,2024-09-20,90,3.5064935064935066,1.121212121212121,2.3852813852813854,4.19845833333333
LT42,2024-09-20,10,4.854166666666667,8.314814814814815,0,1.78750416666667
LT42,2024-09-20,20,4.18,5.711538461538462,0,1.78750416666667
LT42,2024-09-20,30,3.759259259259258,4.416666666666667,0,1.78750416666667
LT42,2024-09-20,40,3.55,3.2941176470588234,0.25588235294117645,1.78750416666667
LT42,2024-09-20,50,3.454545454545454,2.6346153846153846,0.8199300699300696,1.78750416666667
LT42,2024-09-20,60,3.313432835820896,2.0350877192982457,1.27834511652265,1.78750416666667
LT42,2024-09-20,70,3.028169014084507,1.7000000000000002,1.3281690140845068,1.78750416666667
LT42,2024-09-20,80,2.756756756756757,1.4603174603174605,1.2964392964392966,1.78750416666667
LT42,2024-09-20,90,2.44,1.28125,1.15875,1.78750416666667
LT43,2024-09-20,10,8.053333333333333,1.111111111111111,6.942222222222222,6.8992875
LT43,2024-09-20,20,6.492957746478874,1.4545454545454544,5.03841229193342,6.8992875
LT43,2024-09-20,30,5.342857142857143,1.1282051282051282,4.214652014652016,6.8992875
LT43,2024-09-20,40,4.835616438356165,0.82,4.015616438356164,6.8992875
LT43,2024-09-20,50,4.473684210526316,0.7454545454545454,3.728229665071771,6.8992875
LT43,2024-09-20,60,4.025974025974026,0.7457627118644068,3.2802113141096196,6.8992875
LT43,2024-09-20,70,3.567901234567901,0.8135593220338984,2.7543419125340027,6.8992875
LT43,2024-09-20,80,3.2839506172839505,0.7903225806451613,2.493628036638789,6.8992875
LT43,2024-09-20,90,2.8658536585365857,0.75,2.1158536585365857,6.8992875
LT44,2024-09-20,10,5.82051282051282,0.40909090909090906,5.411421911421911,5.14202916666667
LT44,2024-09-20,20,6.045454545454546,0.5277777777777778,5.517676767676768,5.14202916666667
LT44,2024-09-20,30,5.397058823529411,0.6666666666666667,4.730392156862744,5.14202916666667
LT44,2024-09-20,40,4.918918918918919,0.8222222222222222,4.096696696696697,5.14202916666667
LT44,2024-09-20,50,4.4743589743589745,0.8076923076923076,3.666666666666667,5.14202916666667
LT44,2024-09-20,60,4.166666666666667,0.7758620689655173,3.3908045977011496,5.14202916666667
LT44,2024-09-20,70,3.973684210526316,0.7704918032786885,3.203192407247627,5.14202916666667
LT44,2024-09-20,80,3.55,0.7777777777777778,2.772222222222222,5.14202916666667
LT44,2024-09-20,90,3.15,0.75,2.4,5.14202916666667
LT41,2024-09-20,10,5.551724137931036,0.2,5.351724137931035,5.56122083333333
LT41,2024-09-20,20,5.771428571428572,0.40816326530612246,5.36326530612245,5.56122083333333
LT41,2024-09-20,30,5.662162162162163,0.6153846153846154,5.046777546777548,5.56122083333333
LT41,2024-09-20,40,5.2,1.1153846153846152,4.084615384615385,5.56122083333333
LT41,2024-09-20,50,5.1066666666666665,1.4339622641509433,3.6727044025157234,5.56122083333333
LT41,2024-09-20,60,4.615384615384615,1.5357142857142856,3.0796703296703294,5.56122083333333
LT41,2024-09-20,70,4.2749999999999995,1.6034482758620692,2.67155172413793,5.56122083333333
LT41,2024-09-20,80,3.878048780487805,1.540983606557377,2.337065173930428,5.56122083333333
LT41,2024-09-20,90,3.36144578313253,1.34375,2.01769578313253,5.56122083333333
LT53,2024-09-20,10,8.92,0.4545454545454546,8.465454545454545,3.93944583333333
LT53,2024-09-20,20,6.016666666666667,0.6666666666666667,5.35,3.93944583333333
LT53,2024-09-20,30,6.390625,0.5660377358490566,5.824587264150943,3.93944583333333
LT53,2024-09-20,40,5.633802816901409,0.5593220338983051,5.074480783003104,3.93944583333333
LT53,2024-09-20,50,4.906666666666667,0.564516129032258,4.342150537634409,3.93944583333333
LT53,2024-09-20,60,4.394736842105263,0.5757575757575757,3.818979266347687,3.93944583333333
LT53,2024-09-20,70,3.837499999999999,0.6176470588235293,3.21985294117647,3.93944583333333
LT53,2024-09-20,80,3.4625,0.6617647058823529,2.800735294117647,3.93944583333333
LT53,2024-09-20,90,3.05,0.6376811594202899,2.41231884057971,3.93944583333333
LT54,2024-09-20,10,5.148148148148147,0.625,4.523148148148147,3.577625
LT54,2024-09-20,20,5.629032258064517,1.75,3.879032258064517,3.577625
LT54,2024-09-20,30,6.014925373134329,1.7708333333333333,4.244092039800996,3.577625
LT54,2024-09-20,40,5.8507462686567155,1.607142857142857,4.243603411513859,3.577625
LT54,2024-09-20,50,5.183098591549296,1.4745762711864407,3.7085223203628552,3.577625
LT54,2024-09-20,60,4.821917808219178,1.4666666666666668,3.355251141552511,3.577625
LT54,2024-09-20,70,4.493333333333333,1.403225806451613,3.09010752688172,3.577625
LT54,2024-09-20,80,4.077922077922078,1.34375,2.7341720779220777,3.577625
LT54,2024-09-20,90,3.5124999999999997,1.265625,2.2468749999999997,3.577625
LT52,2024-09-20,10,4.035714285714285,0.3636363636363637,3.672077922077921,5.4760125
LT52,2024-09-20,20,4.791666666666667,0.3666666666666667,4.425000000000001,5.4760125
LT52,2024-09-20,30,4.5200000000000005,0.41860465116279066,4.10139534883721,5.4760125
LT52,2024-09-20,40,4.1866666666666665,0.4791666666666667,3.7075,5.4760125
LT52,2024-09-20,50,4,0.5471698113207547,3.452830188679245,5.4760125
LT52,2024-09-20,60,3.8108108108108105,0.5892857142857143,3.221525096525096,5.4760125
LT52,2024-09-20,70,3.4605263157894735,0.6379310344827587,2.8225952813067146,5.4760125
LT52,2024-09-20,80,3.102564102564102,0.65,2.4525641025641023,5.4760125
LT52,2024-09-20,90,2.7272727272727275,0.639344262295082,2.0879284649776455,5.4760125
LT51,2024-09-20,10,7.063492063492064,0.5,6.563492063492064,5.34618333333333
LT51,2024-09-20,20,5.666666666666667,0.4473684210526316,5.219298245614035,5.34618333333333
LT51,2024-09-20,30,5.0144927536231885,0.4444444444444444,4.570048309178744,5.34618333333333
LT51,2024-09-20,40,4.7,0.48333333333333334,4.216666666666667,5.34618333333333
LT51,2024-09-20,50,4.514285714285715,0.5151515151515151,3.9991341991342,5.34618333333333
LT51,2024-09-20,60,4.225352112676057,0.6376811594202899,3.587670953255767,5.34618333333333
LT51,2024-09-20,70,3.986111111111112,0.7611940298507462,3.224917081260365,5.34618333333333
LT51,2024-09-20,80,3.5270270270270268,0.8088235294117647,2.718203497615262,5.34618333333333
LT51,2024-09-20,90,3.121621621621622,0.7761194029850746,2.3455022186365473,5.34618333333333
LT63,2024-09-20,10,6,0.7083333333333334,5.291666666666667,5.08278333333333
LT63,2024-09-20,20,5.516129032258064,0.5952380952380952,4.920890937019969,5.08278333333333
LT63,2024-09-20,30,4.838235294117647,0.5555555555555555,4.282679738562091,5.08278333333333
LT63,2024-09-20,40,4.720588235294117,0.6545454545454544,4.0660427807486625,5.08278333333333
LT63,2024-09-20,50,4.352112676056338,0.7818181818181817,3.5702944942381563,5.08278333333333
LT63,2024-09-20,60,4.056338028169014,0.7894736842105264,3.2668643439584875,5.08278333333333
LT63,2024-09-20,70,3.782608695652174,0.7796610169491526,3.002947678703021,5.08278333333333
LT63,2024-09-20,80,3.4925373134328352,0.7966101694915254,2.6959271439413097,5.08278333333333
LT63,2024-09-20,90,2.9571428571428573,0.7796610169491526,2.1774818401937046,5.08278333333333
LT62,2024-09-20,10,7.717391304347825,0.35000000000000003,7.367391304347826,6.59619583333333
LT62,2024-09-20,20,5.529411764705882,0.3870967741935484,5.142314990512334,6.59619583333333
LT62,2024-09-20,30,5.693548387096774,0.33333333333333337,5.360215053763441,6.59619583333333
LT62,2024-09-20,40,4.8493150684931505,0.3548387096774194,4.4944763588157315,6.59619583333333
LT62,2024-09-20,50,4.337662337662337,0.4153846153846154,3.922277722277722,6.59619583333333
LT62,2024-09-20,60,3.797468354430379,0.45588235294117646,3.341586001489203,6.59619583333333
LT62,2024-09-20,70,3.4250000000000003,0.5223880597014925,2.902611940298508,6.59619583333333
LT62,2024-09-20,80,3.1923076923076925,0.5671641791044776,2.625143513203215,6.59619583333333
LT62,2024-09-20,90,2.8076923076923075,0.5671641791044776,2.24052812858783,6.59619583333333
LT64,2024-09-20,10,5.358974358974359,3.4285714285714284,1.9304029304029304,1.7162875
LT64,2024-09-20,20,6.763636363636364,3.4615384615384617,3.302097902097902,1.7162875
LT64,2024-09-20,30,6.123076923076923,3.4333333333333336,2.689743589743589,1.7162875
LT64,2024-09-20,40,5.338028169014085,3.0000000000000004,2.3380281690140845,1.7162875
LT64,2024-09-20,50,5.056338028169014,2.9302325581395348,2.1261054700294792,1.7162875
LT64,2024-09-20,60,4.756756756756757,2.6470588235294117,2.1096979332273453,1.7162875
LT64,2024-09-20,70,4.546666666666667,2.527272727272727,2.01939393939394,1.7162875
LT64,2024-09-20,80,4.123287671232877,2.3333333333333335,1.7899543378995433,1.7162875
LT64,2024-09-20,90,3.602739726027397,2.070175438596491,1.5325642874309056,1.7162875
LT61,2024-09-20,10,6.74,0.3548387096774194,6.385161290322581,5.57244583333333
LT61,2024-09-20,20,6.076923076923077,0.4,5.676923076923076,5.57244583333333
LT61,2024-09-20,30,5.478260869565218,0.5217391304347826,4.9565217391304355,5.57244583333333
LT61,2024-09-20,40,4.890410958904109,0.6153846153846154,4.275026343519494,5.57244583333333
LT61,2024-09-20,50,4.215189873417722,0.7090909090909091,3.506098964326813,5.57244583333333
LT61,2024-09-20,60,3.8607594936708858,0.6833333333333333,3.1774261603375527,5.57244583333333
LT61,2024-09-20,70,3.538461538461538,0.6825396825396826,2.8559218559218555,5.57244583333333
LT61,2024-09-20,80,3.289473684210526,0.7460317460317459,2.54344193817878,5.57244583333333
LT61,2024-09-20,90,2.818181818181818,0.7301587301587302,2.0880230880230877,5.57244583333333
LT13,2024-09-30,10,6.041666666666667,0.47826086956521735,5.563405797101449,4.29152083333333
LT13,2024-09-30,20,4.78,0.3863636363636364,4.393636363636364,4.29152083333333
LT13,2024-09-30,30,4.169491525423729,0.4074074074074074,3.762084118016322,4.29152083333333
LT13,2024-09-30,40,4.046875,0.4655172413793104,3.5813577586206895,4.29152083333333
LT13,2024-09-30,50,3.876923076923077,0.4444444444444445,3.4324786324786323,4.29152083333333
LT13,2024-09-30,60,3.609375,0.47619047619047616,3.1331845238095237,4.29152083333333
LT13,2024-09-30,70,3.276923076923077,0.5573770491803279,2.719546027742749,4.29152083333333
LT13,2024-09-30,80,2.867647058823529,0.6,2.267647058823529,4.29152083333333
LT13,2024-09-30,90,2.4714285714285715,0.5873015873015873,1.884126984126984,4.29152083333333
LT12,2024-09-30,10,4.957446808510639,7.08,0,1.36257083333333
LT12,2024-09-30,20,5.238095238095239,6.707317073170732,0,1.36257083333333
LT12,2024-09-30,30,4.297872340425532,5.142857142857143,0,1.36257083333333
LT12,2024-09-30,40,3.732142857142856,3.6511627906976742,0.08098006644518163,1.36257083333333
LT12,2024-09-30,50,3.4687500000000004,2.7727272727272725,0.696022727272728,1.36257083333333
LT12,2024-09-30,60,3.176470588235294,2.1063829787234045,1.0700876095118894,1.36257083333333
LT12,2024-09-30,70,2.9857142857142858,1.7058823529411764,1.2798319327731094,1.36257083333333
LT12,2024-09-30,80,2.6986301369863015,1.3859649122807018,1.3126652247055997,1.36257083333333
LT12,2024-09-30,90,2.410958904109589,1.180327868852459,1.23063103525713,1.36257083333333
LT14,2024-09-30,10,6.615384615384615,0.41935483870967744,6.196029776674938,5.5437125
LT14,2024-09-30,20,5.745454545454545,0.42857142857142855,5.316883116883116,5.5437125
LT14,2024-09-30,30,5.305084745762712,0.5,4.805084745762712,5.5437125
LT14,2024-09-30,40,4.909090909090909,0.4909090909090909,4.418181818181818,5.5437125
LT14,2024-09-30,50,4.661764705882352,0.4736842105263159,4.188080495356036,5.5437125
LT14,2024-09-30,60,4.338235294117647,0.5178571428571428,3.820378151260504,5.5437125
LT14,2024-09-30,70,3.943661971830986,0.5555555555555555,3.38810641627543,5.5437125
LT14,2024-09-30,80,3.554054054054054,0.6470588235294117,2.9069952305246423,5.5437125
LT14,2024-09-30,90,3.121621621621622,0.6575342465753424,2.4640873750462795,5.5437125
LT11,2024-09-30,10,10.01470588235294,0.6756756756756757,9.339030206677265,5.84898333333333
LT11,2024-09-30,20,7.1692307692307695,0.5853658536585366,6.583864915572233,5.84898333333333
LT11,2024-09-30,30,5.384615384615384,0.68,4.704615384615384,5.84898333333333
LT11,2024-09-30,40,4.376811594202899,0.7843137254901961,3.5924978687127034,5.84898333333333
LT11,2024-09-30,50,4.057142857142857,0.7758620689655173,3.2812807881773396,5.84898333333333
LT11,2024-09-30,60,3.6,0.8360655737704918,2.7639344262295085,5.84898333333333
LT11,2024-09-30,70,3.3116883116883113,0.8615384615384616,2.4501498501498498,5.84898333333333
LT11,2024-09-30,80,3.102564102564102,0.8923076923076922,2.21025641025641,5.84898333333333
LT11,2024-09-30,90,2.7468354430379747,0.8208955223880597,1.925939920649915,5.84898333333333
LT23,2024-09-30,10,5.153846153846154,0.7999999999999999,4.353846153846154,4.6520625
LT23,2024-09-30,20,4.75,0.7419354838709677,4.008064516129032,4.6520625
LT23,2024-09-30,30,4.39344262295082,0.5853658536585366,3.808076769292283,4.6520625
LT23,2024-09-30,40,4.109375,0.5625000000000001,3.546875,4.6520625
LT23,2024-09-30,50,3.830769230769231,0.5283018867924528,3.302467343976778,4.6520625
LT23,2024-09-30,60,3.5303030303030303,0.5263157894736842,3.003987240829346,4.6520625
LT23,2024-09-30,70,3.1884057971014497,0.6071428571428571,2.5812629399585925,4.6520625
LT23,2024-09-30,80,2.875,0.6440677966101696,2.2309322033898304,4.6520625
LT23,2024-09-30,90,2.5,0.6290322580645161,1.870967741935484,4.6520625
LT22,2024-09-30,10,6.720588235294118,5.024390243902439,1.6961979913916787,2.85582916666667
LT22,2024-09-30,20,5.508196721311475,4.605263157894737,0.902933563416738,2.85582916666667
LT22,2024-09-30,30,4.576271186440678,3.75,0.8262711864406782,2.85582916666667
LT22,2024-09-30,40,3.753623188405798,3.325,0.4286231884057971,2.85582916666667
LT22,2024-09-30,50,3.3333333333333335,2.697674418604651,0.6356589147286824,2.85582916666667
LT22,2024-09-30,60,3.2777777777777777,2.2666666666666666,1.011111111111111,2.85582916666667
LT22,2024-09-30,70,3.0945945945945947,1.7884615384615383,1.3061330561330562,2.85582916666667
LT22,2024-09-30,80,3.041095890410959,1.5357142857142856,1.5053816046966737,2.85582916666667
LT22,2024-09-30,90,2.644736842105263,1.3166666666666669,1.328070175438596,2.85582916666667
LT21,2024-09-30,10,7.527777777777778,3.5000000000000004,4.027777777777777,4.50074583333333
LT21,2024-09-30,20,5.257575757575758,3.096774193548387,2.160801564027371,4.50074583333333
LT21,2024-09-30,30,4.314285714285715,2.428571428571429,1.885714285714286,4.50074583333333
LT21,2024-09-30,40,3.957746478873239,1.8571428571428572,2.1006036217303823,4.50074583333333
LT21,2024-09-30,50,3.9014084507042255,1.711111111111111,2.1902973395931147,4.50074583333333
LT21,2024-09-30,60,3.52,1.52,2,4.50074583333333
LT21,2024-09-30,70,3.3783783783783785,1.490566037735849,1.8878123406425296,4.50074583333333
LT21,2024-09-30,80,3.118421052631579,1.3620689655172415,1.7563520871143377,4.50074583333333
LT21,2024-09-30,90,2.8157894736842106,1.1935483870967742,1.6222410865874364,4.50074583333333
LT24,2024-09-30,10,6.163265306122449,0.65,5.513265306122449,4.33255833333333
LT24,2024-09-30,20,6,0.6666666666666666,5.333333333333333,4.33255833333333
LT24,2024-09-30,30,5.472222222222222,0.627906976744186,4.844315245478036,4.33255833333333
LT24,2024-09-30,40,4.819444444444445,0.6,4.219444444444445,4.33255833333333
LT24,2024-09-30,50,4.753623188405797,0.7450980392156863,4.008525149190111,4.33255833333333
LT24,2024-09-30,60,4.246376811594203,0.7962962962962963,3.450080515297907,4.33255833333333
LT24,2024-09-30,70,3.8309859154929584,0.7586206896551725,3.072365225837786,4.33255833333333
LT24,2024-09-30,80,3.4246575342465753,0.7704918032786885,2.654165730967887,4.33255833333333
LT24,2024-09-30,90,2.986301369863014,0.7460317460317459,2.240269623831268,4.33255833333333
LT33,2024-09-30,10,7.249999999999998,0.5652173913043478,6.6847826086956506,5.1616375
LT33,2024-09-30,20,5.421875,0.4571428571428572,4.964732142857143,5.1616375
LT33,2024-09-30,30,4.211267605633803,0.5333333333333333,3.6779342723004698,5.1616375
LT33,2024-09-30,40,3.657894736842105,0.6875000000000001,2.970394736842105,5.1616375
LT33,2024-09-30,50,3.447368421052632,0.6666666666666666,2.7807017543859653,5.1616375
LT33,2024-09-30,60,3.168831168831169,0.6271186440677966,2.541712524763372,5.1616375
LT33,2024-09-30,70,2.9012345679012346,0.6949152542372882,2.2063193136639465,5.1616375
LT33,2024-09-30,80,2.734939759036145,0.7377049180327869,1.9972348410033576,5.1616375
LT33,2024-09-30,90,2.4404761904761902,0.7142857142857143,1.7261904761904758,5.1616375
LT32,2024-09-30,10,3,5.170731707317073,0,1.98685
LT32,2024-09-30,20,4.415094339622641,5.5576923076923075,0,1.98685
LT32,2024-09-30,30,3.5714285714285716,4.979166666666667,0,1.98685
LT32,2024-09-30,40,3.2388059701492535,4.081632653061225,0,1.98685
LT32,2024-09-30,50,3.1142857142857148,3.056603773584906,0.0576819407008089,1.98685
LT32,2024-09-30,60,2.717948717948718,2.4727272727272727,0.2452214452214454,1.98685
LT32,2024-09-30,70,2.5822784810126582,1.966101694915254,0.6161767860974041,1.98685
LT32,2024-09-30,80,2.4749999999999996,1.59375,0.8812499999999996,1.98685
LT32,2024-09-30,90,2.2624999999999997,1.338235294117647,0.9242647058823528,1.98685
LT34,2024-09-30,10,9.373134328358208,1.3409090909090908,8.032225237449119,4.24436666666667
LT34,2024-09-30,20,6.046153846153846,1.1304347826086956,4.915719063545151,4.24436666666667
LT34,2024-09-30,30,5.196969696969697,0.94,4.256969696969698,4.24436666666667
LT34,2024-09-30,40,4.552238805970148,0.9444444444444444,3.607794361525704,4.24436666666667
LT34,2024-09-30,50,4.042857142857144,0.9285714285714284,3.114285714285715,4.24436666666667
LT34,2024-09-30,60,3.73972602739726,0.819672131147541,2.920053896249719,4.24436666666667
LT34,2024-09-30,70,3.6388888888888897,0.8,2.8388888888888895,4.24436666666667
LT34,2024-09-30,80,3.3561643835616444,0.8059701492537313,2.550194234307913,4.24436666666667
LT34,2024-09-30,90,2.945945945945946,0.7536231884057972,2.1923227575401487,4.24436666666667
LT31,2024-09-30,10,6.914285714285715,1.0588235294117647,5.85546218487395,4.1582
LT31,2024-09-30,20,4.4603174603174605,1.0196078431372548,3.4407096171802056,4.1582
LT31,2024-09-30,30,4,1.2448979591836735,2.7551020408163263,4.1582
LT31,2024-09-30,40,3.8513513513513513,1.1923076923076923,2.6590436590436592,4.1582
LT31,2024-09-30,50,3.7066666666666666,1.0517241379310345,2.6549425287356323,4.1582
LT31,2024-09-30,60,3.6538461538461537,1.15,2.503846153846154,4.1582
LT31,2024-09-30,70,3.4567901234567895,1.2833333333333334,2.1734567901234563,4.1582
LT31,2024-09-30,80,3.4155844155844153,1.2153846153846155,2.2001998001998,4.1582
LT31,2024-09-30,90,2.974358974358974,1.121212121212121,1.853146853146853,4.1582
LT43,2024-09-30,10,7.538461538461538,1.111111111111111,6.427350427350428,6.65701666666667
LT43,2024-09-30,20,6,1.4545454545454544,4.545454545454546,6.65701666666667
LT43,2024-09-30,30,4.939393939393939,1.1282051282051282,3.8111888111888104,6.65701666666667
LT43,2024-09-30,40,4.130434782608696,0.82,3.3104347826086964,6.65701666666667
LT43,2024-09-30,50,3.757142857142857,0.7454545454545454,3.011688311688312,6.65701666666667
LT43,2024-09-30,60,3.394366197183099,0.7457627118644068,2.6486034853186924,6.65701666666667
LT43,2024-09-30,70,3.095890410958904,0.8135593220338984,2.2823310889250057,6.65701666666667
LT43,2024-09-30,80,2.8266666666666667,0.7903225806451613,2.036344086021505,6.65701666666667
LT43,2024-09-30,90,2.4050632911392404,0.75,1.6550632911392404,6.65701666666667
LT42,2024-09-30,10,5.551020408163266,8.314814814814815,0,1.712175
LT42,2024-09-30,20,4.326530612244898,5.711538461538462,0,1.712175
LT42,2024-09-30,30,3.2758620689655173,4.416666666666667,0,1.712175
LT42,2024-09-30,40,3.090909090909091,3.2941176470588234,0,1.712175
LT42,2024-09-30,50,2.943661971830986,2.6346153846153846,0.3090465872156014,1.712175
LT42,2024-09-30,60,2.7916666666666665,2.0350877192982457,0.7565789473684208,1.712175
LT42,2024-09-30,70,2.684931506849315,1.7000000000000002,0.984931506849315,1.712175
LT42,2024-09-30,80,2.5405405405405403,1.4603174603174605,1.08022308022308,1.712175
LT42,2024-09-30,90,2.236842105263158,1.28125,0.955592105263158,1.712175
LT44,2024-09-30,10,4.322580645161291,0.40909090909090906,3.9134897360703818,4.64162916666667
LT44,2024-09-30,20,3.895522388059701,0.5277777777777778,3.3677446102819233,4.64162916666667
LT44,2024-09-30,30,3.585714285714286,0.6666666666666667,2.9190476190476193,4.64162916666667
LT44,2024-09-30,40,3.704225352112676,0.8222222222222222,2.882003129890454,4.64162916666667
LT44,2024-09-30,50,3.5263157894736845,0.8076923076923076,2.718623481781377,4.64162916666667
LT44,2024-09-30,60,3.4133333333333336,0.7758620689655173,2.637471264367816,4.64162916666667
LT44,2024-09-30,70,3.2207792207792205,0.7704918032786885,2.450287417500532,4.64162916666667
LT44,2024-09-30,80,3.0379746835443036,0.7777777777777778,2.260196905766526,4.64162916666667
LT44,2024-09-30,90,2.7341772151898733,0.75,1.9841772151898731,4.64162916666667
LT41,2024-09-30,10,3.728813559322034,0.2,3.528813559322034,5.0445625
LT41,2024-09-30,20,4.463768115942029,0.40816326530612246,4.055604850635907,5.0445625
LT41,2024-09-30,30,4.571428571428572,0.6153846153846154,3.9560439560439566,5.0445625
LT41,2024-09-30,40,4.338028169014085,1.1153846153846152,3.22264355362947,5.0445625
LT41,2024-09-30,50,4.305555555555556,1.4339622641509433,2.871593291404613,5.0445625
LT41,2024-09-30,60,4.054794520547945,1.5357142857142856,2.51908023483366,5.0445625
LT41,2024-09-30,70,3.688311688311688,1.6034482758620692,2.084863412449619,5.0445625
LT41,2024-09-30,80,3.423076923076923,1.540983606557377,1.882093316519546,5.0445625
LT41,2024-09-30,90,2.925925925925926,1.34375,1.582175925925926,5.0445625
LT53,2024-09-30,10,7.0249999999999995,0.4545454545454546,6.570454545454545,3.7686125
LT53,2024-09-30,20,4.927272727272727,0.6666666666666667,4.26060606060606,3.7686125
LT53,2024-09-30,30,4.650793650793651,0.5660377358490566,4.084755914944594,3.7686125
LT53,2024-09-30,40,4.128571428571429,0.5593220338983051,3.5692493946731236,3.7686125
LT53,2024-09-30,50,3.6,0.564516129032258,3.035483870967742,3.7686125
LT53,2024-09-30,60,3.1999999999999997,0.5757575757575757,2.624242424242424,3.7686125
LT53,2024-09-30,70,3,0.6176470588235293,2.3823529411764706,3.7686125
LT53,2024-09-30,80,2.738095238095238,0.6617647058823529,2.0763305322128853,3.7686125
LT53,2024-09-30,90,2.464285714285714,0.6376811594202899,1.826604554865424,3.7686125
LT52,2024-09-30,10,2.652173913043478,0.3636363636363637,2.2885375494071143,5.35247083333333
LT52,2024-09-30,20,2.698412698412698,0.3666666666666667,2.3317460317460315,5.35247083333333
LT52,2024-09-30,30,2.5,0.41860465116279066,2.0813953488372094,5.35247083333333
LT52,2024-09-30,40,2.6,0.4791666666666667,2.1208333333333336,5.35247083333333
LT52,2024-09-30,50,2.5405405405405403,0.5471698113207547,1.9933707292197855,5.35247083333333
LT52,2024-09-30,60,2.5324675324675323,0.5892857142857143,1.943181818181818,5.35247083333333
LT52,2024-09-30,70,2.4683544303797467,0.6379310344827587,1.830423395896988,5.35247083333333
LT52,2024-09-30,80,2.3048780487804876,0.65,1.6548780487804875,5.35247083333333
LT52,2024-09-30,90,2.0853658536585367,0.639344262295082,1.4460215913634549,5.35247083333333
LT54,2024-09-30,10,2.759259259259259,0.625,2.134259259259259,3.30605416666667
LT54,2024-09-30,20,4.241379310344827,1.75,2.4913793103448274,3.30605416666667
LT54,2024-09-30,30,4.712121212121212,1.7708333333333333,2.941287878787879,3.30605416666667
LT54,2024-09-30,40,4.529411764705882,1.607142857142857,2.9222689075630255,3.30605416666667
LT54,2024-09-30,50,4.38235294117647,1.4745762711864407,2.90777666999003,3.30605416666667
LT54,2024-09-30,60,4.083333333333333,1.4666666666666668,2.6166666666666663,3.30605416666667
LT54,2024-09-30,70,3.776315789473685,1.403225806451613,2.3730899830220715,3.30605416666667
LT54,2024-09-30,80,3.5844155844155843,1.34375,2.2406655844155843,3.30605416666667
LT54,2024-09-30,90,3.1772151898734173,1.265625,1.9115901898734171,3.30605416666667
LT51,2024-09-30,10,4.636363636363636,0.5,4.136363636363636,5.24825416666667
LT51,2024-09-30,20,4.2063492063492065,0.4473684210526316,3.758980785296575,5.24825416666667
LT51,2024-09-30,30,3.878787878787879,0.4444444444444444,3.4343434343434343,5.24825416666667
LT51,2024-09-30,40,3.681818181818182,0.48333333333333334,3.1984848484848487,5.24825416666667
LT51,2024-09-30,50,3.4637681159420293,0.5151515151515151,2.948616600790514,5.24825416666667
LT51,2024-09-30,60,3.213333333333334,0.6376811594202899,2.5756521739130434,5.24825416666667
LT51,2024-09-30,70,3.402777777777778,0.7611940298507462,2.641583747927032,5.24825416666667
LT51,2024-09-30,80,2.987012987012987,0.8088235294117647,2.1781894576012224,5.24825416666667
LT51,2024-09-30,90,2.763157894736842,0.7761194029850746,1.9870384917517672,5.24825416666667
LT63,2024-09-30,10,4.706896551724138,0.7083333333333334,3.998563218390805,4.96513333333333
LT63,2024-09-30,20,4.656716417910448,0.5952380952380952,4.061478322672353,4.96513333333333
LT63,2024-09-30,30,4.144927536231884,0.5555555555555555,3.5893719806763285,4.96513333333333
LT63,2024-09-30,40,4.057142857142857,0.6545454545454544,3.4025974025974026,4.96513333333333
LT63,2024-09-30,50,3.8904109589041096,0.7818181818181817,3.108592777085928,4.96513333333333
LT63,2024-09-30,60,3.736111111111111,0.7894736842105264,2.9466374269005846,4.96513333333333
LT63,2024-09-30,70,3.4929577464788735,0.7796610169491526,2.713296729529721,4.96513333333333
LT63,2024-09-30,80,3.3333333333333335,0.7966101694915254,2.536723163841808,4.96513333333333
LT63,2024-09-30,90,2.9295774647887325,0.7796610169491526,2.14991644783958,4.96513333333333
LT62,2024-09-30,10,8.464285714285714,0.35000000000000003,8.114285714285714,6.50366666666667
LT62,2024-09-30,20,6.170212765957447,0.3870967741935484,5.783115991763899,6.50366666666667
LT62,2024-09-30,30,5.508771929824562,0.33333333333333337,5.175438596491229,6.50366666666667
LT62,2024-09-30,40,4.742857142857143,0.3548387096774194,4.388018433179724,6.50366666666667
LT62,2024-09-30,50,4.289473684210526,0.4153846153846154,3.8740890688259104,6.50366666666667
LT62,2024-09-30,60,3.875,0.45588235294117646,3.4191176470588234,6.50366666666667
LT62,2024-09-30,70,3.6625,0.5223880597014925,3.1401119402985076,6.50366666666667
LT62,2024-09-30,80,3.4250000000000003,0.5671641791044776,2.857835820895523,6.50366666666667
LT62,2024-09-30,90,3.0625,0.5671641791044776,2.4953358208955225,6.50366666666667
LT61,2024-09-30,10,6.73469387755102,0.3548387096774194,6.379855167873601,5.53454583333333
LT61,2024-09-30,20,5.45,0.4,5.05,5.53454583333333
LT61,2024-09-30,30,5.0625,0.5217391304347826,4.540760869565218,5.53454583333333
LT61,2024-09-30,40,4.761194029850746,0.6153846153846154,4.145809414466131,5.53454583333333
LT61,2024-09-30,50,4.388888888888889,0.7090909090909091,3.67979797979798,5.53454583333333
LT61,2024-09-30,60,4.105263157894737,0.6833333333333333,3.4219298245614036,5.53454583333333
LT61,2024-09-30,70,3.871794871794872,0.6825396825396826,3.1892551892551895,5.53454583333333
LT61,2024-09-30,80,3.6666666666666665,0.7460317460317459,2.9206349206349205,5.53454583333333
LT61,2024-09-30,90,3.253164556962025,0.7301587301587302,2.5230058268032947,5.53454583333333
LT64,2024-09-30,10,4.361111111111112,3.4285714285714284,0.9325396825396832,1.61249583333333
LT64,2024-09-30,20,4.9642857142857135,3.4615384615384617,1.5027472527472518,1.61249583333333
LT64,2024-09-30,30,4.650793650793651,3.4333333333333336,1.2174603174603176,1.61249583333333
LT64,2024-09-30,40,4.042857142857144,3.0000000000000004,1.0428571428571431,1.61249583333333
LT64,2024-09-30,50,3.956521739130435,2.9302325581395348,1.0262891809909005,1.61249583333333
LT64,2024-09-30,60,3.833333333333333,2.6470588235294117,1.1862745098039214,1.61249583333333
LT64,2024-09-30,70,3.780821917808219,2.527272727272727,1.2535491905354923,1.61249583333333
LT64,2024-09-30,80,3.5616438356164384,2.3333333333333335,1.228310502283105,1.61249583333333
LT64,2024-09-30,90,3.1666666666666665,2.070175438596491,1.096491228070175,1.61249583333333
LT13,2024-10-11,10,5,0.47826086956521735,4.521739130434782,4.1385625
LT13,2024-10-11,20,4.11764705882353,0.3863636363636364,3.7312834224598936,4.1385625
LT13,2024-10-11,30,3.3833333333333333,0.4074074074074074,2.975925925925926,4.1385625
LT13,2024-10-11,40,3.303030303030303,0.4655172413793104,2.8375130616509927,4.1385625
LT13,2024-10-11,50,3.2205882352941173,0.4444444444444445,2.7761437908496727,4.1385625
LT13,2024-10-11,60,3.057971014492754,0.47619047619047616,2.5817805383022776,4.1385625
LT13,2024-10-11,70,2.8309859154929575,0.5573770491803279,2.2736088663126295,4.1385625
LT13,2024-10-11,80,2.625,0.6,2.025,4.1385625
LT13,2024-10-11,90,2.328767123287671,0.5873015873015873,1.7414655359860838,4.1385625
LT12,2024-10-11,10,4.348837209302326,7.08,0,1.27430833333333
LT12,2024-10-11,20,4.875,6.707317073170732,0,1.27430833333333
LT12,2024-10-11,30,3.7083333333333335,5.142857142857143,0,1.27430833333333
LT12,2024-10-11,40,3.017241379310345,3.6511627906976742,0,1.27430833333333
LT12,2024-10-11,50,2.84375,2.7727272727272725,0.07102272727272751,1.27430833333333
LT12,2024-10-11,60,2.6231884057971016,2.1063829787234045,0.516805427073697,1.27430833333333
LT12,2024-10-11,70,2.585714285714286,1.7058823529411764,0.8798319327731094,1.27430833333333
LT12,2024-10-11,80,2.3783783783783785,1.3859649122807018,0.9924134660976768,1.27430833333333
LT12,2024-10-11,90,2.178082191780822,1.180327868852459,0.9977543229283632,1.27430833333333
LT14,2024-10-11,10,5.384615384615384,0.41935483870967744,4.965260545905707,4.86981666666667
LT14,2024-10-11,20,4.696428571428571,0.42857142857142855,4.267857142857142,4.86981666666667
LT14,2024-10-11,30,4.2586206896551735,0.5,3.7586206896551735,4.86981666666667
LT14,2024-10-11,40,3.952380952380953,0.4909090909090909,3.461471861471862,4.86981666666667
LT14,2024-10-11,50,3.617647058823529,0.4736842105263159,3.143962848297213,4.86981666666667
LT14,2024-10-11,60,3.4117647058823524,0.5178571428571428,2.8939075630252096,4.86981666666667
LT14,2024-10-11,70,3.2000000000000006,0.5555555555555555,2.6444444444444453,4.86981666666667
LT14,2024-10-11,80,3.013698630136987,0.6470588235294117,2.366639806607575,4.86981666666667
LT14,2024-10-11,90,2.702702702702702,0.6575342465753424,2.04516845612736,4.86981666666667
LT11,2024-10-11,10,9.385714285714286,0.6756756756756757,8.71003861003861,5.71470416666667
LT11,2024-10-11,20,6.671428571428572,0.5853658536585366,6.0860627177700355,5.71470416666667
LT11,2024-10-11,30,5.142857142857143,0.68,4.4628571428571435,5.71470416666667
LT11,2024-10-11,40,4.338028169014085,0.7843137254901961,3.553714443523889,5.71470416666667
LT11,2024-10-11,50,4.085714285714285,0.7758620689655173,3.309852216748768,5.71470416666667
LT11,2024-10-11,60,3.712328767123288,0.8360655737704918,2.876263193352796,5.71470416666667
LT11,2024-10-11,70,3.453333333333333,0.8615384615384616,2.5917948717948716,5.71470416666667
LT11,2024-10-11,80,3.236842105263158,0.8923076923076922,2.3445344129554657,5.71470416666667
LT11,2024-10-11,90,2.833333333333333,0.8208955223880597,2.0124378109452734,5.71470416666667
LT23,2024-10-11,10,4.517857142857142,0.7999999999999999,3.7178571428571425,4.45590416666667
LT23,2024-10-11,20,4.389830508474576,0.7419354838709677,3.647895024603608,4.45590416666667
LT23,2024-10-11,30,4.111111111111111,0.5853658536585366,3.525745257452574,4.45590416666667
LT23,2024-10-11,40,3.701492537313432,0.5625000000000001,3.1389925373134324,4.45590416666667
LT23,2024-10-11,50,3.376811594202899,0.5283018867924528,2.848509707410446,4.45590416666667
LT23,2024-10-11,60,3.173913043478261,0.5263157894736842,2.647597254004577,4.45590416666667
LT23,2024-10-11,70,2.8888888888888893,0.6071428571428571,2.281746031746032,4.45590416666667
LT23,2024-10-11,80,2.684931506849315,0.6440677966101696,2.0408637102391456,4.45590416666667
LT23,2024-10-11,90,2.3733333333333335,0.6290322580645161,1.7443010752688175,4.45590416666667
LT22,2024-10-11,10,6.2608695652173925,5.024390243902439,1.2364793213149534,2.6212
LT22,2024-10-11,20,4.682539682539683,4.605263157894737,0.07727652464494561,2.6212
LT22,2024-10-11,30,3.966666666666667,3.75,0.2166666666666668,2.6212
LT22,2024-10-11,40,3.4142857142857146,3.325,0.08928571428571441,2.6212
LT22,2024-10-11,50,3.1111111111111116,2.697674418604651,0.41343669250646053,2.6212
LT22,2024-10-11,60,3.028169014084507,2.2666666666666666,0.7615023474178404,2.6212
LT22,2024-10-11,70,2.802631578947368,1.7884615384615383,1.0141700404858296,2.6212
LT22,2024-10-11,80,2.76,1.5357142857142856,1.2242857142857142,2.6212
LT22,2024-10-11,90,2.4675324675324672,1.3166666666666669,1.1508658008658004,2.6212
LT24,2024-10-11,10,4.9361702127659575,0.65,4.286170212765957,3.60811666666667
LT24,2024-10-11,20,4.689655172413794,0.6666666666666666,4.022988505747127,3.60811666666667
LT24,2024-10-11,30,4.073529411764706,0.627906976744186,3.4456224350205193,3.60811666666667
LT24,2024-10-11,40,3.5833333333333335,0.6,2.9833333333333334,3.60811666666667
LT24,2024-10-11,50,3.418918918918919,0.7450980392156863,2.673820879703233,3.60811666666667
LT24,2024-10-11,60,3.1168831168831166,0.7962962962962963,2.3205868205868203,3.60811666666667
LT24,2024-10-11,70,2.9487179487179485,0.7586206896551725,2.190097259062776,3.60811666666667
LT24,2024-10-11,80,2.7341772151898733,0.7704918032786885,1.9636854119111848,3.60811666666667
LT24,2024-10-11,90,2.5064935064935066,0.7460317460317459,1.7604617604617605,3.60811666666667
LT21,2024-10-11,10,7.706666666666667,3.5000000000000004,4.206666666666667,4.296575
LT21,2024-10-11,20,5.109589041095891,3.096774193548387,2.012814847547504,4.296575
LT21,2024-10-11,30,4.493150684931507,2.428571428571429,2.064579256360078,4.296575
LT21,2024-10-11,40,4.0675675675675675,1.8571428571428572,2.2104247104247103,4.296575
LT21,2024-10-11,50,3.918918918918919,1.711111111111111,2.207807807807808,4.296575
LT21,2024-10-11,60,3.5526315789473686,1.52,2.032631578947369,4.296575
LT21,2024-10-11,70,3.36,1.490566037735849,1.869433962264151,4.296575
LT21,2024-10-11,80,3.131578947368421,1.3620689655172415,1.7695099818511792,4.296575
LT21,2024-10-11,90,2.8289473684210527,1.1935483870967742,1.6353989813242784,4.296575
LT33,2024-10-11,10,6.5423728813559325,0.5652173913043478,5.977155490051585,5.0357375
LT33,2024-10-11,20,4.424242424242424,0.4571428571428572,3.9670995670995666,5.0357375
LT33,2024-10-11,30,3.5774647887323945,0.5333333333333333,3.0441314553990613,5.0357375
LT33,2024-10-11,40,3.155844155844156,0.6875000000000001,2.468344155844156,5.0357375
LT33,2024-10-11,50,2.962025316455696,0.6666666666666666,2.2953586497890295,5.0357375
LT33,2024-10-11,60,2.7874999999999996,0.6271186440677966,2.160381355932203,5.0357375
LT33,2024-10-11,70,2.6144578313253013,0.6949152542372882,1.9195425770880132,5.0357375
LT33,2024-10-11,80,2.530120481927711,0.7377049180327869,1.7924155638949242,5.0357375
LT33,2024-10-11,90,2.2857142857142856,0.7142857142857143,1.5714285714285712,5.0357375
LT32,2024-10-11,10,2.9444444444444446,5.170731707317073,0,1.7396125
LT32,2024-10-11,20,4.543859649122807,5.5576923076923075,0,1.7396125
LT32,2024-10-11,30,3.8939393939393936,4.979166666666667,0,1.7396125
LT32,2024-10-11,40,3.6231884057971016,4.081632653061225,0,1.7396125
LT32,2024-10-11,50,3.366197183098592,3.056603773584906,0.3095934095136861,1.7396125
LT32,2024-10-11,60,2.897435897435897,2.4727272727272727,0.42470862470862425,1.7396125
LT32,2024-10-11,70,2.705128205128205,1.966101694915254,0.7390265102129507,1.7396125
LT32,2024-10-11,80,2.493827160493827,1.59375,0.9000771604938271,1.7396125
LT32,2024-10-11,90,2.3,1.338235294117647,0.9617647058823529,1.7396125
LT31,2024-10-11,10,7.323943661971832,1.0588235294117647,6.265120132560067,3.9527375
LT31,2024-10-11,20,5.153846153846154,1.0196078431372548,4.134238310708899,3.9527375
LT31,2024-10-11,30,4.478260869565218,1.2448979591836735,3.233362910381544,3.9527375
LT31,2024-10-11,40,4.103896103896104,1.1923076923076923,2.9115884115884114,3.9527375
LT31,2024-10-11,50,3.884615384615384,1.0517241379310345,2.8328912466843494,3.9527375
LT31,2024-10-11,60,3.797468354430379,1.15,2.6474683544303796,3.9527375
LT31,2024-10-11,70,3.4698795180722892,1.2833333333333334,2.1865461847389556,3.9527375
LT31,2024-10-11,80,3.392405063291139,1.2153846153846155,2.1770204479065236,3.9527375
LT31,2024-10-11,90,2.9873417721518982,1.121212121212121,1.8661296509397771,3.9527375
LT34,2024-10-11,10,7.492063492063491,1.3409090909090908,6.1511544011544,3.9447375
LT34,2024-10-11,20,5.311475409836066,1.1304347826086956,4.181040627227371,3.9447375
LT34,2024-10-11,30,4.3538461538461535,0.94,3.4138461538461535,3.9447375
LT34,2024-10-11,40,3.954545454545454,0.9444444444444444,3.0101010101010095,3.9447375
LT34,2024-10-11,50,3.6086956521739135,0.9285714285714284,2.680124223602485,3.9447375
LT34,2024-10-11,60,3.3472222222222228,0.819672131147541,2.5275500910746818,3.9447375
LT34,2024-10-11,70,3.219178082191781,0.8,2.419178082191781,3.9447375
LT34,2024-10-11,80,3.026666666666667,0.8059701492537313,2.2206965174129354,3.9447375
LT34,2024-10-11,90,2.7066666666666666,0.7536231884057972,1.9530434782608692,3.9447375
LT43,2024-10-11,10,5.163934426229508,1.111111111111111,4.052823315118397,6.18799166666667
LT43,2024-10-11,20,4.242857142857144,1.4545454545454544,2.7883116883116896,6.18799166666667
LT43,2024-10-11,30,3.628571428571429,1.1282051282051282,2.500366300366301,6.18799166666667
LT43,2024-10-11,40,3.291666666666667,0.82,2.471666666666667,6.18799166666667
LT43,2024-10-11,50,3.106666666666667,0.7454545454545454,2.3612121212121213,6.18799166666667
LT43,2024-10-11,60,2.922077922077922,0.7457627118644068,2.176315210213515,6.18799166666667
LT43,2024-10-11,70,2.769230769230769,0.8135593220338984,1.9556714471968708,6.18799166666667
LT43,2024-10-11,80,2.6455696202531644,0.7903225806451613,1.8552470396080032,6.18799166666667
LT43,2024-10-11,90,2.341463414634146,0.75,1.5914634146341462,6.18799166666667
LT42,2024-10-11,10,4.951219512195122,8.314814814814815,0,1.41819166666667
LT42,2024-10-11,20,3.4893617021276597,5.711538461538462,0,1.41819166666667
LT42,2024-10-11,30,2.7321428571428568,4.416666666666667,0,1.41819166666667
LT42,2024-10-11,40,2.5757575757575757,3.2941176470588234,0,1.41819166666667
LT42,2024-10-11,50,2.52054794520548,2.6346153846153846,0,1.41819166666667
LT42,2024-10-11,60,2.447368421052632,2.0350877192982457,0.41228070175438614,1.41819166666667
LT42,2024-10-11,70,2.3125,1.7000000000000002,0.6124999999999998,1.41819166666667
LT42,2024-10-11,80,2.259259259259259,1.4603174603174605,0.7989417989417986,1.41819166666667
LT42,2024-10-11,90,2.0238095238095237,1.28125,0.7425595238095237,1.41819166666667
LT41,2024-10-11,10,3.321428571428571,0.2,3.121428571428571,4.7548
LT41,2024-10-11,20,4.136363636363636,0.40816326530612246,3.728200371057514,4.7548
LT41,2024-10-11,30,3.945945945945946,0.6153846153846154,3.33056133056133,4.7548
LT41,2024-10-11,40,3.826666666666666,1.1153846153846152,2.7112820512820512,4.7548
LT41,2024-10-11,50,3.855263157894737,1.4339622641509433,2.421300893743794,4.7548
LT41,2024-10-11,60,3.6125,1.5357142857142856,2.0767857142857142,4.7548
LT41,2024-10-11,70,3.4457831325301207,1.6034482758620692,1.8423348566680515,4.7548
LT41,2024-10-11,80,3.235294117647059,1.540983606557377,1.694310511089682,4.7548
LT41,2024-10-11,90,2.9411764705882355,1.34375,1.5974264705882355,4.7548
LT44,2024-10-11,10,3.573770491803279,0.40909090909090906,3.16467958271237,4.08085416666667
LT44,2024-10-11,20,3.2741935483870965,0.5277777777777778,2.746415770609319,4.08085416666667
LT44,2024-10-11,30,2.8985507246376816,0.6666666666666667,2.231884057971014,4.08085416666667
LT44,2024-10-11,40,2.8767123287671237,0.8222222222222222,2.0544901065449013,4.08085416666667
LT44,2024-10-11,50,2.7848101265822787,0.8076923076923076,1.9771178188899712,4.08085416666667
LT44,2024-10-11,60,2.7468354430379747,0.7758620689655173,1.970973374072457,4.08085416666667
LT44,2024-10-11,70,2.708860759493671,0.7704918032786885,1.9383689562149824,4.08085416666667
LT44,2024-10-11,80,2.6125,0.7777777777777778,1.834722222222222,4.08085416666667
LT44,2024-10-11,90,2.3749999999999996,0.75,1.6249999999999996,4.08085416666667
LT53,2024-10-11,10,6.704545454545455,0.4545454545454546,6.25,3.47820416666667
LT53,2024-10-11,20,4.830508474576272,0.6666666666666667,4.163841807909605,3.47820416666667
LT53,2024-10-11,30,4.625,0.5660377358490566,4.058962264150943,3.47820416666667
LT53,2024-10-11,40,3.971830985915493,0.5593220338983051,3.4125089520171876,3.47820416666667
LT53,2024-10-11,50,3.602739726027397,0.564516129032258,3.038223596995139,3.47820416666667
LT53,2024-10-11,60,3.1392405063291138,0.5757575757575757,2.563482930571538,3.47820416666667
LT53,2024-10-11,70,2.91358024691358,0.6176470588235293,2.2959331880900504,3.47820416666667
LT53,2024-10-11,80,2.678571428571429,0.6617647058823529,2.016806722689076,3.47820416666667
LT53,2024-10-11,90,2.4166666666666665,0.6376811594202899,1.7789855072463765,3.47820416666667
LT52,2024-10-11,10,3.2352941176470584,0.3636363636363637,2.8716577540106947,4.96230416666667
LT52,2024-10-11,20,3.454545454545454,0.3666666666666667,3.087878787878787,4.96230416666667
LT52,2024-10-11,30,3.0921052631578947,0.41860465116279066,2.673500611995104,4.96230416666667
LT52,2024-10-11,40,3.0273972602739727,0.4791666666666667,2.548230593607306,4.96230416666667
LT52,2024-10-11,50,2.868421052631579,0.5471698113207547,2.3212512413108244,4.96230416666667
LT52,2024-10-11,60,2.708860759493671,0.5892857142857143,2.1195750452079567,4.96230416666667
LT52,2024-10-11,70,2.524390243902439,0.6379310344827587,1.8864592094196804,4.96230416666667
LT52,2024-10-11,80,2.392857142857143,0.65,1.7428571428571429,4.96230416666667
LT52,2024-10-11,90,2.116279069767442,0.639344262295082,1.47693480747236,4.96230416666667
LT51,2024-10-11,10,3.9090909090909087,0.5,3.4090909090909087,5.005575
LT51,2024-10-11,20,4.142857142857142,0.4473684210526316,3.695488721804511,5.005575
LT51,2024-10-11,30,3.861538461538461,0.4444444444444444,3.4170940170940165,5.005575
LT51,2024-10-11,40,3.485294117647059,0.48333333333333334,3.0019607843137255,5.005575
LT51,2024-10-11,50,3.347826086956522,0.5151515151515151,2.832674571805007,5.005575
LT51,2024-10-11,60,3.1052631578947367,0.6376811594202899,2.4675819984744467,5.005575
LT51,2024-10-11,70,3.213333333333334,0.7611940298507462,2.4521393034825874,5.005575
LT51,2024-10-11,80,2.82716049382716,0.8088235294117647,2.0183369644153952,5.005575
LT51,2024-10-11,90,2.625,0.7761194029850746,1.8488805970149256,5.005575
LT54,2024-10-11,10,2.857142857142857,0.625,2.232142857142857,2.9816375
LT54,2024-10-11,20,3.933333333333333,1.75,2.183333333333333,2.9816375
LT54,2024-10-11,30,4.432835820895522,1.7708333333333333,2.662002487562189,2.9816375
LT54,2024-10-11,40,4.304347826086957,1.607142857142857,2.6972049689441,2.9816375
LT54,2024-10-11,50,4.071428571428572,1.4745762711864407,2.5968523002421313,2.9816375
LT54,2024-10-11,60,3.8108108108108105,1.4666666666666668,2.3441441441441437,2.9816375
LT54,2024-10-11,70,3.615384615384615,1.403225806451613,2.212158808933002,2.9816375
LT54,2024-10-11,80,3.4430379746835444,1.34375,2.0992879746835444,2.9816375
LT54,2024-10-11,90,3.061728395061728,1.265625,1.7961033950617282,2.9816375
LT63,2024-10-11,10,4.074074074074074,0.7083333333333334,3.365740740740741,4.6413541666666696
LT63,2024-10-11,20,4.098360655737705,0.5952380952380952,3.5031225604996092,4.6413541666666696
LT63,2024-10-11,30,3.671875,0.5555555555555555,3.1163194444444446,4.6413541666666696
LT63,2024-10-11,40,3.441176470588235,0.6545454545454544,2.7866310160427807,4.6413541666666696
LT63,2024-10-11,50,3.291666666666667,0.7818181818181817,2.509848484848485,4.6413541666666696
LT63,2024-10-11,60,3.3055555555555554,0.7894736842105264,2.516081871345029,4.6413541666666696
LT63,2024-10-11,70,3.125,0.7796610169491526,2.3453389830508473,4.6413541666666696
LT63,2024-10-11,80,3.0142857142857142,0.7966101694915254,2.2176755447941887,4.6413541666666696
LT63,2024-10-11,90,2.676056338028169,0.7796610169491526,1.8963953210790163,4.6413541666666696
LT62,2024-10-11,10,7.29090909090909,0.35000000000000003,6.9409090909090905,6.21625416666667
LT62,2024-10-11,20,5.458333333333334,0.3870967741935484,5.071236559139786,6.21625416666667
LT62,2024-10-11,30,4.8965517241379315,0.33333333333333337,4.5632183908045985,6.21625416666667
LT62,2024-10-11,40,4.128571428571429,0.3548387096774194,3.7737327188940095,6.21625416666667
LT62,2024-10-11,50,3.7466666666666666,0.4153846153846154,3.3312820512820513,6.21625416666667
LT62,2024-10-11,60,3.354430379746835,0.45588235294117646,2.8985480268056585,6.21625416666667
LT62,2024-10-11,70,3.1374999999999997,0.5223880597014925,2.6151119402985072,6.21625416666667
LT62,2024-10-11,80,3.051282051282051,0.5671641791044776,2.4841178721775736,6.21625416666667
LT62,2024-10-11,90,2.7341772151898733,0.5671641791044776,2.167013036085396,6.21625416666667
LT61,2024-10-11,10,6.408163265306123,0.3548387096774194,6.053324555628704,5.40595
LT61,2024-10-11,20,5.032258064516129,0.4,4.632258064516129,5.40595
LT61,2024-10-11,30,4.507462686567164,0.5217391304347826,3.9857235561323816,5.40595
LT61,2024-10-11,40,4.185714285714286,0.6153846153846154,3.5703296703296705,5.40595
LT61,2024-10-11,50,3.864864864864865,0.7090909090909091,3.155773955773956,5.40595
LT61,2024-10-11,60,3.5189873417721516,0.6833333333333333,2.8356540084388184,5.40595
LT61,2024-10-11,70,3.296296296296296,0.6825396825396826,2.613756613756613,5.40595
LT61,2024-10-11,80,3.243589743589743,0.7460317460317459,2.497557997557997,5.40595
LT61,2024-10-11,90,2.897435897435897,0.7301587301587302,2.1672771672771667,5.40595
LT64,2024-10-11,10,4.388888888888889,3.4285714285714284,0.9603174603174608,1.4513375
LT64,2024-10-11,20,4.892857142857142,3.4615384615384617,1.431318681318681,1.4513375
LT64,2024-10-11,30,4.6190476190476195,3.4333333333333336,1.185714285714286,1.4513375
LT64,2024-10-11,40,4.085714285714285,3.0000000000000004,1.085714285714285,1.4513375
LT64,2024-10-11,50,4.0285714285714285,2.9302325581395348,1.0983388704318937,1.4513375
LT64,2024-10-11,60,3.891891891891892,2.6470588235294117,1.24483306836248,1.4513375
LT64,2024-10-11,70,3.8289473684210527,2.527272727272727,1.3016746411483258,1.4513375
LT64,2024-10-11,80,3.5844155844155843,2.3333333333333335,1.2510822510822508,1.4513375
LT64,2024-10-11,90,3.213333333333334,2.070175438596491,1.143157894736842,1.4513375
LT12,2024-10-15,10,4.239130434782608,7.08,0,1.260275
LT12,2024-10-15,20,5,6.707317073170732,0,1.260275
LT12,2024-10-15,30,4.523809523809524,5.142857142857143,0,1.260275
LT12,2024-10-15,40,3.875,3.6511627906976742,0.22383720930232576,1.260275
LT12,2024-10-15,50,3.214285714285714,2.7727272727272725,0.4415584415584415,1.260275
LT12,2024-10-15,60,2.873015873015873,2.1063829787234045,0.7666328942924685,1.260275
LT12,2024-10-15,70,2.4999999999999996,1.7058823529411764,0.7941176470588232,1.260275
LT12,2024-10-15,80,2.1971830985915495,1.3859649122807018,0.8112181863108476,1.260275
LT12,2024-10-15,90,1.9154929577464792,1.180327868852459,0.7351650888940202,1.260275
LT13,2024-10-15,10,5.040816326530613,0.47826086956521735,4.562555456965395,4.03525416666667
LT13,2024-10-15,20,4.26530612244898,0.3863636363636364,3.8789424860853434,4.03525416666667
LT13,2024-10-15,30,3.6333333333333337,0.4074074074074074,3.2259259259259263,4.03525416666667
LT13,2024-10-15,40,3.671875,0.4655172413793104,3.2063577586206895,4.03525416666667
LT13,2024-10-15,50,3.5820895522388057,0.4444444444444445,3.137645107794361,4.03525416666667
LT13,2024-10-15,60,3.426470588235294,0.47619047619047616,2.9502801120448177,4.03525416666667
LT13,2024-10-15,70,3.084507042253521,0.5573770491803279,2.527129993073193,4.03525416666667
LT13,2024-10-15,80,2.8591549295774645,0.6,2.2591549295774644,4.03525416666667
LT13,2024-10-15,90,2.493150684931507,0.5873015873015873,1.9058490976299196,4.03525416666667
LT11,2024-10-15,10,9.712328767123289,0.6756756756756757,9.036653091447612,5.6850875
LT11,2024-10-15,20,7.271428571428571,0.5853658536585366,6.686062717770035,5.6850875
LT11,2024-10-15,30,5.608695652173914,0.68,4.928695652173914,5.6850875
LT11,2024-10-15,40,4.694444444444445,0.7843137254901961,3.9101307189542487,5.6850875
LT11,2024-10-15,50,4.297297297297297,0.7758620689655173,3.52143522833178,5.6850875
LT11,2024-10-15,60,3.873417721518987,0.8360655737704918,3.0373521477484955,5.6850875
LT11,2024-10-15,70,3.692307692307692,0.8615384615384616,2.8307692307692305,5.6850875
LT11,2024-10-15,80,3.3625,0.8923076923076922,2.4701923076923076,5.6850875
LT11,2024-10-15,90,3.0125,0.8208955223880597,2.1916044776119405,5.6850875
LT14,2024-10-15,10,5.719298245614035,0.41935483870967744,5.299943406904358,4.71581666666667
LT14,2024-10-15,20,4.9298245614035094,0.42857142857142855,4.501253132832081,4.71581666666667
LT14,2024-10-15,30,4.733333333333333,0.5,4.233333333333333,4.71581666666667
LT14,2024-10-15,40,4.409090909090909,0.4909090909090909,3.9181818181818184,4.71581666666667
LT14,2024-10-15,50,4.2388059701492535,0.4736842105263159,3.7651217596229376,4.71581666666667
LT14,2024-10-15,60,4.03030303030303,0.5178571428571428,3.5124458874458875,4.71581666666667
LT14,2024-10-15,70,3.705882352941176,0.5555555555555555,3.150326797385621,4.71581666666667
LT14,2024-10-15,80,3.380281690140845,0.6470588235294117,2.7332228666114333,4.71581666666667
LT14,2024-10-15,90,3.028169014084507,0.6575342465753424,2.370634767509165,4.71581666666667
LT22,2024-10-15,10,7.938461538461539,5.024390243902439,2.9140712945590996,2.56409166666667
LT22,2024-10-15,20,5.523076923076923,4.605263157894737,0.9178137651821858,2.56409166666667
LT22,2024-10-15,30,4.6190476190476195,3.75,0.8690476190476195,2.56409166666667
LT22,2024-10-15,40,3.9583333333333335,3.325,0.6333333333333333,2.56409166666667
LT22,2024-10-15,50,3.52,2.697674418604651,0.822325581395349,2.56409166666667
LT22,2024-10-15,60,3.452054794520548,2.2666666666666666,1.1853881278538814,2.56409166666667
LT22,2024-10-15,70,3.1168831168831166,1.7884615384615383,1.328421578421578,2.56409166666667
LT22,2024-10-15,80,2.986842105263158,1.5357142857142856,1.4511278195488724,2.56409166666667
LT22,2024-10-15,90,2.6282051282051277,1.3166666666666669,1.3115384615384609,2.56409166666667
LT23,2024-10-15,10,5.2142857142857135,0.7999999999999999,4.414285714285714,4.3471625
LT23,2024-10-15,20,4.934426229508197,0.7419354838709677,4.192490745637229,4.3471625
LT23,2024-10-15,30,4.575757575757575,0.5853658536585366,3.9903917220990386,4.3471625
LT23,2024-10-15,40,4.057142857142857,0.5625000000000001,3.494642857142857,4.3471625
LT23,2024-10-15,50,3.6944444444444446,0.5283018867924528,3.166142557651992,4.3471625
LT23,2024-10-15,60,3.458333333333334,0.5263157894736842,2.93201754385965,4.3471625
LT23,2024-10-15,70,3.1780821917808217,0.6071428571428571,2.5709393346379645,4.3471625
LT23,2024-10-15,80,2.9189189189189193,0.6440677966101696,2.2748511223087498,4.3471625
LT23,2024-10-15,90,2.5733333333333333,0.6290322580645161,1.9443010752688172,4.3471625
LT24,2024-10-15,10,5.549019607843137,0.65,4.899019607843137,3.3902875
LT24,2024-10-15,20,5.125,0.6666666666666666,4.458333333333333,3.3902875
LT24,2024-10-15,30,4.458333333333333,0.627906976744186,3.830426356589147,3.3902875
LT24,2024-10-15,40,3.9054054054054057,0.6,3.3054054054054056,3.3902875
LT24,2024-10-15,50,3.8108108108108105,0.7450980392156863,3.065712771595124,3.3902875
LT24,2024-10-15,60,3.473684210526316,0.7962962962962963,2.6773879142300196,3.3902875
LT24,2024-10-15,70,3.2597402597402594,0.7586206896551725,2.501119570085087,3.3902875
LT24,2024-10-15,80,3.0129870129870127,0.7704918032786885,2.2424952097083244,3.3902875
LT24,2024-10-15,90,2.710526315789474,0.7460317460317459,1.964494569757728,3.3902875
LT21,2024-10-15,10,9.666666666666666,3.5000000000000004,6.166666666666666,4.22139583333333
LT21,2024-10-15,20,6.909090909090908,3.096774193548387,3.8123167155425217,4.22139583333333
LT21,2024-10-15,30,5.391891891891892,2.428571428571429,2.9633204633204633,4.22139583333333
LT21,2024-10-15,40,4.576923076923077,1.8571428571428572,2.719780219780219,4.22139583333333
LT21,2024-10-15,50,4.298701298701299,1.711111111111111,2.587590187590187,4.22139583333333
LT21,2024-10-15,60,3.81012658227848,1.52,2.2901265822784804,4.22139583333333
LT21,2024-10-15,70,3.5,1.490566037735849,2.009433962264151,4.22139583333333
LT21,2024-10-15,80,3.15,1.3620689655172415,1.7879310344827584,4.22139583333333
LT21,2024-10-15,90,2.8846153846153846,1.1935483870967742,1.6910669975186103,4.22139583333333
LT32,2024-10-15,10,3.648648648648649,5.170731707317073,0,1.7297125
LT32,2024-10-15,20,5.285714285714286,5.5576923076923075,0,1.7297125
LT32,2024-10-15,30,4.303030303030303,4.979166666666667,0,1.7297125
LT32,2024-10-15,40,3.942028985507247,4.081632653061225,0,1.7297125
LT32,2024-10-15,50,3.6056338028169015,3.056603773584906,0.5490300292319956,1.7297125
LT32,2024-10-15,60,3.0384615384615383,2.4727272727272727,0.5657342657342657,1.7297125
LT32,2024-10-15,70,2.8552631578947367,1.966101694915254,0.8891614629794826,1.7297125
LT32,2024-10-15,80,2.6578947368421053,1.59375,1.0641447368421053,1.7297125
LT32,2024-10-15,90,2.3333333333333335,1.338235294117647,0.9950980392156864,1.7297125
LT33,2024-10-15,10,7.258620689655173,0.5652173913043478,6.693403298350825,4.84264166666667
LT33,2024-10-15,20,4.940298507462686,0.4571428571428572,4.483155650319829,4.84264166666667
LT33,2024-10-15,30,3.944444444444444,0.5333333333333333,3.411111111111111,4.84264166666667
LT33,2024-10-15,40,3.5263157894736845,0.6875000000000001,2.8388157894736845,4.84264166666667
LT33,2024-10-15,50,3.1772151898734173,0.6666666666666666,2.510548523206751,4.84264166666667
LT33,2024-10-15,60,2.91358024691358,0.6271186440677966,2.286461602845783,4.84264166666667
LT33,2024-10-15,70,2.666666666666667,0.6949152542372882,1.971751412429379,4.84264166666667
LT33,2024-10-15,80,2.51764705882353,0.7377049180327869,1.7799421407907428,4.84264166666667
LT33,2024-10-15,90,2.244186046511628,0.7142857142857143,1.5299003322259137,4.84264166666667
LT31,2024-10-15,10,9.054054054054054,1.0588235294117647,7.99523052464229,3.88887083333333
LT31,2024-10-15,20,5.999999999999999,1.0196078431372548,4.980392156862744,3.88887083333333
LT31,2024-10-15,30,5.264705882352941,1.2448979591836735,4.019807923169267,3.88887083333333
LT31,2024-10-15,40,4.826666666666667,1.1923076923076923,3.6343589743589746,3.88887083333333
LT31,2024-10-15,50,4.5131578947368425,1.0517241379310345,3.461433756805808,3.88887083333333
LT31,2024-10-15,60,4.177215189873417,1.15,3.027215189873417,3.88887083333333
LT31,2024-10-15,70,3.6547619047619047,1.2833333333333334,2.371428571428571,3.88887083333333
LT31,2024-10-15,80,3.5443037974683542,1.2153846153846155,2.3289191820837387,3.88887083333333
LT31,2024-10-15,90,3.0875,1.121212121212121,1.9662878787878788,3.88887083333333
LT34,2024-10-15,10,8.929577464788732,1.3409090909090908,7.588668373879641,3.90652083333333
LT34,2024-10-15,20,6.169230769230769,1.1304347826086956,5.038795986622073,3.90652083333333
LT34,2024-10-15,30,5.134328358208955,0.94,4.1943283582089546,3.90652083333333
LT34,2024-10-15,40,4.5,0.9444444444444444,3.5555555555555554,3.90652083333333
LT34,2024-10-15,50,4.014705882352941,0.9285714285714284,3.0861344537815127,3.90652083333333
LT34,2024-10-15,60,3.661971830985916,0.819672131147541,2.842299699838375,3.90652083333333
LT34,2024-10-15,70,3.542857142857143,0.8,2.742857142857143,3.90652083333333
LT34,2024-10-15,80,3.2638888888888893,0.8059701492537313,2.457918739635158,3.90652083333333
LT34,2024-10-15,90,2.824324324324324,0.7536231884057972,2.070701135918527,3.90652083333333
LT42,2024-10-15,10,4.872340425531915,8.314814814814815,0,1.346825
LT42,2024-10-15,20,3.4285714285714284,5.711538461538462,0,1.346825
LT42,2024-10-15,30,2.7857142857142856,4.416666666666667,0,1.346825
LT42,2024-10-15,40,2.4999999999999996,3.2941176470588234,0,1.346825
LT42,2024-10-15,50,2.3698630136986303,2.6346153846153846,0,1.346825
LT42,2024-10-15,60,2.1948051948051948,2.0350877192982457,0.15971747550694904,1.346825
LT42,2024-10-15,70,2.128205128205128,1.7000000000000002,0.428205128205128,1.346825
LT42,2024-10-15,80,2.050632911392405,1.4603174603174605,0.5903154510749444,1.346825
LT42,2024-10-15,90,1.839506172839506,1.28125,0.5582561728395061,1.346825
LT43,2024-10-15,10,5.666666666666666,1.111111111111111,4.555555555555555,5.98065
LT43,2024-10-15,20,4.757142857142857,1.4545454545454544,3.302597402597403,5.98065
LT43,2024-10-15,30,4.0144927536231885,1.1282051282051282,2.8862876254180603,5.98065
LT43,2024-10-15,40,3.5492957746478875,0.82,2.7292957746478876,5.98065
LT43,2024-10-15,50,3.2739726027397262,0.7454545454545454,2.528518057285181,5.98065
LT43,2024-10-15,60,3.0000000000000004,0.7457627118644068,2.2542372881355934,5.98065
LT43,2024-10-15,70,2.75,0.8135593220338984,1.9364406779661016,5.98065
LT43,2024-10-15,80,2.571428571428571,0.7903225806451613,1.78110599078341,5.98065
LT43,2024-10-15,90,2.2624999999999997,0.75,1.5124999999999995,5.98065
LT41,2024-10-15,10,3.592592592592592,0.2,3.392592592592592,4.68287916666667
LT41,2024-10-15,20,4.415384615384616,0.40816326530612246,4.007221350078494,4.68287916666667
LT41,2024-10-15,30,4.23943661971831,0.6153846153846154,3.6240520043336946,4.68287916666667
LT41,2024-10-15,40,4.027397260273973,1.1153846153846152,2.9120126448893577,4.68287916666667
LT41,2024-10-15,50,3.8289473684210527,1.4339622641509433,2.394985104270109,4.68287916666667
LT41,2024-10-15,60,3.602564102564102,1.5357142857142856,2.066849816849817,4.68287916666667
LT41,2024-10-15,70,3.325301204819277,1.6034482758620692,1.721852928957208,4.68287916666667
LT41,2024-10-15,80,3.1428571428571432,1.540983606557377,1.6018735362997665,4.68287916666667
LT41,2024-10-15,90,2.823529411764706,1.34375,1.479779411764706,4.68287916666667
LT44,2024-10-15,10,3.476923076923077,0.40909090909090906,3.0678321678321674,3.95249583333333
LT44,2024-10-15,20,3.338461538461538,0.5277777777777778,2.8106837606837605,3.95249583333333
LT44,2024-10-15,30,3.23943661971831,0.6666666666666667,2.572769953051643,3.95249583333333
LT44,2024-10-15,40,3.291666666666667,0.8222222222222222,2.469444444444445,3.95249583333333
LT44,2024-10-15,50,3.1578947368421053,0.8076923076923076,2.350202429149798,3.95249583333333
LT44,2024-10-15,60,3.0933333333333333,0.7758620689655173,2.317471264367816,3.95249583333333
LT44,2024-10-15,70,2.922077922077922,0.7704918032786885,2.1515861187992336,3.95249583333333
LT44,2024-10-15,80,2.818181818181818,0.7777777777777778,2.04040404040404,3.95249583333333
LT44,2024-10-15,90,2.5,0.75,1.75,3.95249583333333
LT52,2024-10-15,10,3.2,0.3636363636363637,2.8363636363636364,4.81091666666667
LT52,2024-10-15,20,3.230769230769231,0.3666666666666667,2.864102564102564,4.81091666666667
LT52,2024-10-15,30,2.9189189189189193,0.41860465116279066,2.5003142677561287,4.81091666666667
LT52,2024-10-15,40,2.847222222222222,0.4791666666666667,2.3680555555555554,4.81091666666667
LT52,2024-10-15,50,2.780821917808219,0.5471698113207547,2.2336521064874644,4.81091666666667
LT52,2024-10-15,60,2.6,0.5892857142857143,2.0107142857142857,4.81091666666667
LT52,2024-10-15,70,2.466666666666667,0.6379310344827587,1.8287356321839081,4.81091666666667
LT52,2024-10-15,80,2.2564102564102564,0.65,1.6064102564102565,4.81091666666667
LT52,2024-10-15,90,2,0.639344262295082,1.360655737704918,4.81091666666667
LT53,2024-10-15,10,6.75,0.4545454545454546,6.295454545454545,3.38282083333333
LT53,2024-10-15,20,4.642857142857142,0.6666666666666667,3.9761904761904754,3.38282083333333
LT53,2024-10-15,30,4.40625,0.5660377358490566,3.840212264150943,3.38282083333333
LT53,2024-10-15,40,3.9014084507042255,0.5593220338983051,3.342086416805921,3.38282083333333
LT53,2024-10-15,50,3.465753424657534,0.564516129032258,2.901237295625276,3.38282083333333
LT53,2024-10-15,60,3.0666666666666664,0.5757575757575757,2.4909090909090907,3.38282083333333
LT53,2024-10-15,70,2.776315789473684,0.6176470588235293,2.158668730650154,3.38282083333333
LT53,2024-10-15,80,2.4936708860759493,0.6617647058823529,1.8319061801935963,3.38282083333333
LT53,2024-10-15,90,2.240506329113924,0.6376811594202899,1.602825169693634,3.38282083333333
LT51,2024-10-15,10,4.053571428571428,0.5,3.553571428571428,4.95369166666667
LT51,2024-10-15,20,4.15625,0.4473684210526316,3.7088815789473686,4.95369166666667
LT51,2024-10-15,30,3.876923076923077,0.4444444444444444,3.4324786324786327,4.95369166666667
LT51,2024-10-15,40,3.5757575757575752,0.48333333333333334,3.092424242424242,4.95369166666667
LT51,2024-10-15,50,3.3731343283582085,0.5151515151515151,2.8579828132066933,4.95369166666667
LT51,2024-10-15,60,3.08,0.6376811594202899,2.44231884057971,4.95369166666667
LT51,2024-10-15,70,3.121621621621622,0.7611940298507462,2.3604275917708755,4.95369166666667
LT51,2024-10-15,80,2.7848101265822787,0.8088235294117647,1.975986597170514,4.95369166666667
LT51,2024-10-15,90,2.5769230769230766,0.7761194029850746,1.800803673938002,4.95369166666667
LT54,2024-10-15,10,2.9056603773584904,0.625,2.2806603773584904,2.91701666666667
LT54,2024-10-15,20,3.982758620689656,1.75,2.2327586206896557,2.91701666666667
LT54,2024-10-15,30,4.432835820895522,1.7708333333333333,2.662002487562189,2.91701666666667
LT54,2024-10-15,40,4.070422535211268,1.607142857142857,2.463279678068411,2.91701666666667
LT54,2024-10-15,50,3.7887323943661975,1.4745762711864407,2.3141561231797567,2.91701666666667
LT54,2024-10-15,60,3.527777777777778,1.4666666666666668,2.0611111111111113,2.91701666666667
LT54,2024-10-15,70,3.283783783783784,1.403225806451613,1.8805579773321712,2.91701666666667
LT54,2024-10-15,80,3.052631578947368,1.34375,1.708881578947368,2.91701666666667
LT54,2024-10-15,90,2.6835443037974684,1.265625,1.4179193037974684,2.91701666666667
LT62,2024-10-15,10,6.62,0.35000000000000003,6.2700000000000005,5.97975416666667
LT62,2024-10-15,20,5.297872340425533,0.3870967741935484,4.910775566231985,5.97975416666667
LT62,2024-10-15,30,4.551724137931035,0.33333333333333337,4.218390804597702,5.97975416666667
LT62,2024-10-15,40,3.757142857142857,0.3548387096774194,3.4023041474654376,5.97975416666667
LT62,2024-10-15,50,3.1948051948051948,0.4153846153846154,2.7794205794205795,5.97975416666667
LT62,2024-10-15,60,2.8125,0.45588235294117646,2.3566176470588234,5.97975416666667
LT62,2024-10-15,70,2.6753246753246755,0.5223880597014925,2.152936615623183,5.97975416666667
LT62,2024-10-15,80,2.4805194805194803,0.5671641791044776,1.9133553014150029,5.97975416666667
LT62,2024-10-15,90,2.2337662337662336,0.5671641791044776,1.666602054661756,5.97975416666667
LT63,2024-10-15,10,4.3584905660377355,0.7083333333333334,3.650157232704402,4.48288333333333
LT63,2024-10-15,20,4.133333333333334,0.5952380952380952,3.5380952380952384,4.48288333333333
LT63,2024-10-15,30,3.5396825396825395,0.5555555555555555,2.984126984126984,4.48288333333333
LT63,2024-10-15,40,3.318181818181818,0.6545454545454544,2.6636363636363636,4.48288333333333
LT63,2024-10-15,50,3.176470588235294,0.7818181818181817,2.394652406417112,4.48288333333333
LT63,2024-10-15,60,3.059701492537313,0.7894736842105264,2.2702278083267866,4.48288333333333
LT63,2024-10-15,70,2.8333333333333335,0.7796610169491526,2.053672316384181,4.48288333333333
LT63,2024-10-15,80,2.6615384615384614,0.7966101694915254,1.864928292046936,4.48288333333333
LT63,2024-10-15,90,2.343283582089552,0.7796610169491526,1.5636225651403994,4.48288333333333
LT61,2024-10-15,10,6.5740740740740735,0.3548387096774194,6.2192353643966545,5.3527375
LT61,2024-10-15,20,5.220338983050848,0.4,4.820338983050847,5.3527375
LT61,2024-10-15,30,4.5396825396825395,0.5217391304347826,4.017943409247757,5.3527375
LT61,2024-10-15,40,4.014925373134328,0.6153846153846154,3.3995407577497123,5.3527375
LT61,2024-10-15,50,3.7428571428571433,0.7090909090909091,3.0337662337662343,5.3527375
LT61,2024-10-15,60,3.3561643835616444,0.6833333333333333,2.672831050228311,5.3527375
LT61,2024-10-15,70,2.9999999999999996,0.6825396825396826,2.317460317460317,5.3527375
LT61,2024-10-15,80,2.84,0.7460317460317459,2.093968253968254,5.3527375
LT61,2024-10-15,90,2.5466666666666664,0.7301587301587302,1.816507936507936,5.3527375
LT64,2024-10-15,10,4.527777777777778,3.4285714285714284,1.0992063492063493,1.40434583333333
LT64,2024-10-15,20,5.035714285714285,3.4615384615384617,1.574175824175823,1.40434583333333
LT64,2024-10-15,30,4.6190476190476195,3.4333333333333336,1.185714285714286,1.40434583333333
LT64,2024-10-15,40,3.914285714285715,3.0000000000000004,0.9142857142857146,1.40434583333333
LT64,2024-10-15,50,3.690140845070423,2.9302325581395348,0.7599082869308882,1.40434583333333
LT64,2024-10-15,60,3.5135135135135136,2.6470588235294117,0.8664546899841019,1.40434583333333
LT64,2024-10-15,70,3.381578947368421,2.527272727272727,0.8543062200956939,1.40434583333333
LT64,2024-10-15,80,3.1710526315789473,2.3333333333333335,0.8377192982456139,1.40434583333333
LT64,2024-10-15,90,2.864864864864865,2.070175438596491,0.7946894262683735,1.40434583333333
LT12,2024-10-25,10,5.3181818181818175,7.08,0,0.962066666666667
LT12,2024-10-25,20,5.725,6.707317073170732,0,0.962066666666667
LT12,2024-10-25,30,4.617021276595745,5.142857142857143,0,0.962066666666667
LT12,2024-10-25,40,3.4827586206896552,3.6511627906976742,0,0.962066666666667
LT12,2024-10-25,50,3.2333333333333334,2.7727272727272725,0.4606060606060609,0.962066666666667
LT12,2024-10-25,60,2.859375,2.1063829787234045,0.7529920212765955,0.962066666666667
LT12,2024-10-25,70,2.6666666666666665,1.7058823529411764,0.96078431372549,0.962066666666667
LT12,2024-10-25,80,2.3857142857142857,1.3859649122807018,0.9997493734335838,0.962066666666667
LT12,2024-10-25,90,2.128571428571429,1.180327868852459,0.9482435597189696,0.962066666666667
LT13,2024-10-25,10,5.4230769230769225,0.47826086956521735,4.944816053511705,3.23684583333333
LT13,2024-10-25,20,4.333333333333333,0.3863636363636364,3.946969696969697,3.23684583333333
LT13,2024-10-25,30,3.65,0.4074074074074074,3.2425925925925925,3.23684583333333
LT13,2024-10-25,40,3.4461538461538463,0.4655172413793104,2.980636604774536,3.23684583333333
LT13,2024-10-25,50,3.2463768115942035,0.4444444444444445,2.801932367149759,3.23684583333333
LT13,2024-10-25,60,3.028571428571429,0.47619047619047616,2.5523809523809526,3.23684583333333
LT13,2024-10-25,70,2.6901408450704225,0.5573770491803279,2.1327637958900945,3.23684583333333
LT13,2024-10-25,80,2.4366197183098595,0.6,1.8366197183098592,3.23684583333333
LT13,2024-10-25,90,2.154929577464789,0.5873015873015873,1.5676279901632015,3.23684583333333
LT11,2024-10-25,10,8.575757575757576,0.6756756756756757,7.900081900081901,4.674175
LT11,2024-10-25,20,5.953846153846154,0.5853658536585366,5.368480300187618,4.674175
LT11,2024-10-25,30,4.723076923076922,0.68,4.043076923076923,4.674175
LT11,2024-10-25,40,4.196969696969697,0.7843137254901961,3.4126559714795013,4.674175
LT11,2024-10-25,50,3.924242424242424,0.7758620689655173,3.1483803552769065,4.674175
LT11,2024-10-25,60,3.5882352941176467,0.8360655737704918,2.7521697203471547,4.674175
LT11,2024-10-25,70,3.23943661971831,0.8615384615384616,2.3778981581798484,4.674175
LT11,2024-10-25,80,2.9452054794520546,0.8923076923076922,2.0528977871443623,4.674175
LT11,2024-10-25,90,2.5675675675675675,0.8208955223880597,1.746672045179508,4.674175
LT14,2024-10-25,10,3.3488372093023253,0.41935483870967744,2.929482370592648,2.7274
LT14,2024-10-25,20,3.1875,0.42857142857142855,2.7589285714285716,2.7274
LT14,2024-10-25,30,3.2962962962962963,0.5,2.7962962962962963,2.7274
LT14,2024-10-25,40,3.2459016393442623,0.4909090909090909,2.7549925484351716,2.7274
LT14,2024-10-25,50,3.1774193548387095,0.4736842105263159,2.7037351443123936,2.7274
LT14,2024-10-25,60,2.935483870967742,0.5178571428571428,2.417626728110599,2.7274
LT14,2024-10-25,70,2.6615384615384614,0.5555555555555555,2.105982905982906,2.7274
LT14,2024-10-25,80,2.4999999999999996,0.6470588235294117,1.852941176470588,2.7274
LT14,2024-10-25,90,2.25,0.6575342465753424,1.5924657534246576,2.7274
LT22,2024-10-25,10,8.313432835820896,5.024390243902439,3.2890425919184567,1.9107
LT22,2024-10-25,20,5.809523809523809,4.605263157894737,1.204260651629072,1.9107
LT22,2024-10-25,30,4.816666666666667,3.75,1.066666666666667,1.9107
LT22,2024-10-25,40,4.061538461538461,3.325,0.7365384615384611,1.9107
LT22,2024-10-25,50,3.455882352941176,2.697674418604651,0.7582079343365251,1.9107
LT22,2024-10-25,60,3.1884057971014497,2.2666666666666666,0.9217391304347832,1.9107
LT22,2024-10-25,70,2.847222222222222,1.7884615384615383,1.058760683760683,1.9107
LT22,2024-10-25,80,2.6666666666666665,1.5357142857142856,1.130952380952381,1.9107
LT22,2024-10-25,90,2.324324324324324,1.3166666666666669,1.0076576576576572,1.9107
LT23,2024-10-25,10,3.1086956521739126,0.7999999999999999,2.308695652173913,3.3864625
LT23,2024-10-25,20,3.784313725490196,0.7419354838709677,3.042378241619228,3.3864625
LT23,2024-10-25,30,3.7857142857142856,0.5853658536585366,3.200348432055749,3.3864625
LT23,2024-10-25,40,3.491228070175439,0.5625000000000001,2.928728070175439,3.3864625
LT23,2024-10-25,50,3.1016949152542375,0.5283018867924528,2.5733930284617847,3.3864625
LT23,2024-10-25,60,2.819672131147541,0.5263157894736842,2.293356341673857,3.3864625
LT23,2024-10-25,70,2.5,0.6071428571428571,1.8928571428571428,3.3864625
LT23,2024-10-25,80,2.2388059701492535,0.6440677966101696,1.594738173539084,3.3864625
LT23,2024-10-25,90,1.956521739130435,0.6290322580645161,1.327489481065919,3.3864625
LT21,2024-10-25,10,6.775862068965518,3.5000000000000004,3.2758620689655173,3.31364166666667
LT21,2024-10-25,20,5.4423076923076925,3.096774193548387,2.3455334987593055,3.31364166666667
LT21,2024-10-25,30,4.46875,2.428571428571429,2.040178571428571,3.31364166666667
LT21,2024-10-25,40,3.840579710144928,1.8571428571428572,1.9834368530020705,3.31364166666667
LT21,2024-10-25,50,3.642857142857143,1.711111111111111,1.931746031746032,3.31364166666667
LT21,2024-10-25,60,3.380281690140845,1.52,1.860281690140845,3.31364166666667
LT21,2024-10-25,70,3.1111111111111116,1.490566037735849,1.6205450733752629,3.31364166666667
LT21,2024-10-25,80,2.9027777777777777,1.3620689655172415,1.540708812260536,3.31364166666667
LT21,2024-10-25,90,2.527027027027027,1.1935483870967742,1.333478639930253,3.31364166666667
LT24,2024-10-25,10,3.7142857142857144,0.65,3.0642857142857145,2.073525
LT24,2024-10-25,20,3.2,0.6666666666666666,2.5333333333333337,2.073525
LT24,2024-10-25,30,2.8524590163934427,0.627906976744186,2.2245520396492564,2.073525
LT24,2024-10-25,40,2.4461538461538463,0.6,1.8461538461538465,2.073525
LT24,2024-10-25,50,2.4925373134328357,0.7450980392156863,1.7474392742171494,2.073525
LT24,2024-10-25,60,2.3285714285714287,0.7962962962962963,1.5322751322751325,2.073525
LT24,2024-10-25,70,2.242857142857143,0.7586206896551725,1.4842364532019705,2.073525
LT24,2024-10-25,80,2.1142857142857143,0.7704918032786885,1.3437939110070258,2.073525
LT24,2024-10-25,90,1.8732394366197185,0.7460317460317459,1.1272076905879724,2.073525
LT32,2024-10-25,10,3.82051282051282,5.170731707317073,0,0.983241666666667
LT32,2024-10-25,20,5.852459016393443,5.5576923076923075,0.2947667087011352,0.983241666666667
LT32,2024-10-25,30,4.985074626865671,4.979166666666667,0.00590796019900441,0.983241666666667
LT32,2024-10-25,40,4.279411764705882,4.081632653061225,0.19777911164465767,0.983241666666667
LT32,2024-10-25,50,3.761194029850746,3.056603773584906,0.7045902562658402,0.983241666666667
LT32,2024-10-25,60,3.0972222222222223,2.4727272727272727,0.6244949494949497,0.983241666666667
LT32,2024-10-25,70,2.7464788732394365,1.966101694915254,0.7803771783241824,0.983241666666667
LT32,2024-10-25,80,2.4444444444444446,1.59375,0.8506944444444446,0.983241666666667
LT32,2024-10-25,90,2.1506849315068495,1.338235294117647,0.8124496373892025,0.983241666666667
LT33,2024-10-25,10,4.416666666666667,0.5652173913043478,3.8514492753623193,2.82325
LT33,2024-10-25,20,3.1111111111111107,0.4571428571428572,2.6539682539682534,2.82325
LT33,2024-10-25,30,2.4285714285714284,0.5333333333333333,1.8952380952380952,2.82325
LT33,2024-10-25,40,2.142857142857143,0.6875000000000001,1.4553571428571428,2.82325
LT33,2024-10-25,50,2.084507042253521,0.6666666666666666,1.4178403755868545,2.82325
LT33,2024-10-25,60,1.9189189189189189,0.6271186440677966,1.291800274851122,2.82325
LT33,2024-10-25,70,1.8666666666666665,0.6949152542372882,1.1717514124293782,2.82325
LT33,2024-10-25,80,1.7792207792207793,0.7377049180327869,1.0415158611879924,2.82325
LT33,2024-10-25,90,1.6153846153846154,0.7142857142857143,0.9010989010989012,2.82325
LT31,2024-10-25,10,8.478260869565217,1.0588235294117647,7.419437340153452,3.2247375
LT31,2024-10-25,20,5.753846153846154,1.0196078431372548,4.734238310708899,3.2247375
LT31,2024-10-25,30,4.9264705882352935,1.2448979591836735,3.68157262905162,3.2247375
LT31,2024-10-25,40,4.45945945945946,1.1923076923076923,3.267151767151767,3.2247375
LT31,2024-10-25,50,4.051948051948052,1.0517241379310345,3.0002239140170177,3.2247375
LT31,2024-10-25,60,3.779220779220779,1.15,2.6292207792207796,3.2247375
LT31,2024-10-25,70,3.468354430379747,1.2833333333333334,2.1850210970464135,3.2247375
LT31,2024-10-25,80,3.2207792207792205,1.2153846153846155,2.005394605394605,3.2247375
LT31,2024-10-25,90,2.769230769230769,1.121212121212121,1.648018648018648,3.2247375
LT34,2024-10-25,10,7.969230769230768,1.3409090909090908,6.628321678321678,2.9836375
LT34,2024-10-25,20,5.806451612903226,1.1304347826086956,4.676016830294531,2.9836375
LT34,2024-10-25,30,4.71875,0.94,3.77875,2.9836375
LT34,2024-10-25,40,4.111111111111111,0.9444444444444444,3.166666666666666,2.9836375
LT34,2024-10-25,50,3.6153846153846154,0.9285714285714284,2.686813186813187,2.9836375
LT34,2024-10-25,60,3.176470588235294,0.819672131147541,2.356798457087753,2.9836375
LT34,2024-10-25,70,2.927536231884058,0.8,2.127536231884058,2.9836375
LT34,2024-10-25,80,2.6619718309859155,0.8059701492537313,1.856001681732184,2.9836375
LT34,2024-10-25,90,2.3194444444444446,0.7536231884057972,1.5658212560386473,2.9836375
LT42,2024-10-25,10,5.88,8.314814814814815,0,1.0491875
LT42,2024-10-25,20,4.32,5.711538461538462,0,1.0491875
LT42,2024-10-25,30,3.1249999999999996,4.416666666666667,0,1.0491875
LT42,2024-10-25,40,2.758064516129032,3.2941176470588234,0,1.0491875
LT42,2024-10-25,50,2.3661971830985915,2.6346153846153846,0,1.0491875
LT42,2024-10-25,60,2.2,2.0350877192982457,0.16491228070175443,1.0491875
LT42,2024-10-25,70,2.057971014492754,1.7000000000000002,0.3579710144927537,1.0491875
LT42,2024-10-25,80,1.9558823529411764,1.4603174603174605,0.49556489262371595,1.0491875
LT42,2024-10-25,90,1.7142857142857144,1.28125,0.4330357142857144,1.0491875
LT43,2024-10-25,10,4.74,1.111111111111111,3.6288888888888895,3.678075
LT43,2024-10-25,20,4.377358490566038,1.4545454545454544,2.9228130360205835,3.678075
LT43,2024-10-25,30,3.3508771929824563,1.1282051282051282,2.222672064777328,3.678075
LT43,2024-10-25,40,2.698412698412698,0.82,1.8784126984126983,3.678075
LT43,2024-10-25,50,2.603174603174603,0.7454545454545454,1.8577200577200577,3.678075
LT43,2024-10-25,60,2.3134328358208953,0.7457627118644068,1.5676701239564883,3.678075
LT43,2024-10-25,70,2.128571428571429,0.8135593220338984,1.3150121065375302,3.678075
LT43,2024-10-25,80,1.9589041095890412,0.7903225806451613,1.16858152894388,3.678075
LT43,2024-10-25,90,1.7105263157894737,0.75,0.9605263157894736,3.678075
LT41,2024-10-25,10,3.3703703703703702,0.2,3.17037037037037,3.44145416666667
LT41,2024-10-25,20,4.246153846153845,0.40816326530612246,3.837990580847723,3.44145416666667
LT41,2024-10-25,30,3.48,0.6153846153846154,2.864615384615385,3.44145416666667
LT41,2024-10-25,40,3.090909090909091,1.1153846153846152,1.9755244755244756,3.44145416666667
LT41,2024-10-25,50,3.0641025641025643,1.4339622641509433,1.630140299951621,3.44145416666667
LT41,2024-10-25,60,2.962025316455696,1.5357142857142856,1.4263110307414104,3.44145416666667
LT41,2024-10-25,70,2.839506172839506,1.6034482758620692,1.2360578969774367,3.44145416666667
LT41,2024-10-25,80,2.626506024096386,1.540983606557377,1.0855224175390088,3.44145416666667
LT41,2024-10-25,90,2.3658536585365852,1.34375,1.0221036585365852,3.44145416666667
LT44,2024-10-25,10,1.302325581395349,0.40909090909090906,0.8932346723044399,2.7344375
LT44,2024-10-25,20,1.9375,0.5277777777777778,1.4097222222222223,2.7344375
LT44,2024-10-25,30,2.3636363636363633,0.6666666666666667,1.6969696969696966,2.7344375
LT44,2024-10-25,40,2.640625,0.8222222222222222,1.8184027777777776,2.7344375
LT44,2024-10-25,50,2.541666666666667,0.8076923076923076,1.7339743589743597,2.7344375
LT44,2024-10-25,60,2.416666666666667,0.7758620689655173,1.6408045977011496,2.7344375
LT44,2024-10-25,70,2.357142857142857,0.7704918032786885,1.5866510538641687,2.7344375
LT44,2024-10-25,80,2.178082191780822,0.7777777777777778,1.4003044140030445,2.7344375
LT44,2024-10-25,90,1.87012987012987,0.75,1.12012987012987,2.7344375
LT52,2024-10-25,10,2.205128205128205,0.3636363636363637,1.841491841491841,2.84485
LT52,2024-10-25,20,1.796296296296296,0.3666666666666667,1.4296296296296294,2.84485
LT52,2024-10-25,30,1.8888888888888888,0.41860465116279066,1.4702842377260985,2.84485
LT52,2024-10-25,40,1.818181818181818,0.4791666666666667,1.3390151515151514,2.84485
LT52,2024-10-25,50,1.8615384615384616,0.5471698113207547,1.3143686502177068,2.84485
LT52,2024-10-25,60,1.835820895522388,0.5892857142857143,1.2465351812366738,2.84485
LT52,2024-10-25,70,1.7941176470588234,0.6379310344827587,1.1561866125760647,2.84485
LT52,2024-10-25,80,1.7,0.65,1.0499999999999998,2.84485
LT52,2024-10-25,90,1.479452054794521,0.639344262295082,0.8401077924994387,2.84485
LT53,2024-10-25,10,3.5833333333333335,0.4545454545454546,3.128787878787879,2.3819375
LT53,2024-10-25,20,2.816326530612245,0.6666666666666667,2.149659863945578,2.3819375
LT53,2024-10-25,30,2.9516129032258065,0.5660377358490566,2.38557516737675,2.3819375
LT53,2024-10-25,40,2.7,0.5593220338983051,2.140677966101695,2.3819375
LT53,2024-10-25,50,2.6086956521739135,0.564516129032258,2.0441795231416555,2.3819375
LT53,2024-10-25,60,2.3194444444444446,0.5757575757575757,1.743686868686869,2.3819375
LT53,2024-10-25,70,2.1081081081081083,0.6176470588235293,1.490461049284579,2.3819375
LT53,2024-10-25,80,1.9210526315789471,0.6617647058823529,1.2592879256965943,2.3819375
LT53,2024-10-25,90,1.7142857142857144,0.6376811594202899,1.0766045548654244,2.3819375
LT51,2024-10-25,10,3.3928571428571423,0.5,2.8928571428571423,3.66655833333333
LT51,2024-10-25,20,3.85,0.4473684210526316,3.4026315789473687,3.66655833333333
LT51,2024-10-25,30,3.7543859649122817,0.4444444444444444,3.309941520467837,3.66655833333333
LT51,2024-10-25,40,3.3442622950819674,0.48333333333333334,2.860928961748634,3.66655833333333
LT51,2024-10-25,50,3.1406249999999996,0.5151515151515151,2.6254734848484844,3.66655833333333
LT51,2024-10-25,60,2.875,0.6376811594202899,2.23731884057971,3.66655833333333
LT51,2024-10-25,70,2.842857142857143,0.7611940298507462,2.081663113006397,3.66655833333333
LT51,2024-10-25,80,2.4864864864864864,0.8088235294117647,1.6776629570747217,3.66655833333333
LT51,2024-10-25,90,2.2777777777777777,0.7761194029850746,1.501658374792703,3.66655833333333
LT54,2024-10-25,10,2.7333333333333334,0.625,2.1083333333333334,2.15964166666667
LT54,2024-10-25,20,4.2105263157894735,1.75,2.4605263157894735,2.15964166666667
LT54,2024-10-25,30,4.409090909090909,1.7708333333333333,2.638257575757576,2.15964166666667
LT54,2024-10-25,40,4.153846153846154,1.607142857142857,2.5467032967032974,2.15964166666667
LT54,2024-10-25,50,3.830769230769231,1.4745762711864407,2.35619295958279,2.15964166666667
LT54,2024-10-25,60,3.5373134328358207,1.4666666666666668,2.070646766169154,2.15964166666667
LT54,2024-10-25,70,3.1571428571428575,1.403225806451613,1.7539170506912445,2.15964166666667
LT54,2024-10-25,80,2.849315068493151,1.34375,1.505565068493151,2.15964166666667
LT54,2024-10-25,90,2.5405405405405403,1.265625,1.2749155405405403,2.15964166666667
LT62,2024-10-25,10,3.647058823529412,0.35000000000000003,3.2970588235294116,3.22203333333333
LT62,2024-10-25,20,2.658536585365854,0.3870967741935484,2.2714398111723053,3.22203333333333
LT62,2024-10-25,30,2.7,0.33333333333333337,2.3666666666666667,3.22203333333333
LT62,2024-10-25,40,2.39622641509434,0.3548387096774194,2.0413877054169203,3.22203333333333
LT62,2024-10-25,50,2.1052631578947367,0.4153846153846154,1.6898785425101213,3.22203333333333
LT62,2024-10-25,60,1.9,0.45588235294117646,1.4441176470588235,3.22203333333333
LT62,2024-10-25,70,1.703125,0.5223880597014925,1.1807369402985075,3.22203333333333
LT62,2024-10-25,80,1.6461538461538463,0.5671641791044776,1.0789896670493686,3.22203333333333
LT62,2024-10-25,90,1.4626865671641789,0.5671641791044776,0.8955223880597013,3.22203333333333
LT63,2024-10-25,10,2.735294117647059,0.7083333333333334,2.0269607843137254,2.97000416666667
LT63,2024-10-25,20,3.027777777777778,0.5952380952380952,2.432539682539683,2.97000416666667
LT63,2024-10-25,30,2.9333333333333336,0.5555555555555555,2.377777777777778,2.97000416666667
LT63,2024-10-25,40,3,0.6545454545454544,2.3454545454545457,2.97000416666667
LT63,2024-10-25,50,2.7636363636363632,0.7818181818181817,1.9818181818181817,2.97000416666667
LT63,2024-10-25,60,2.6296296296296293,0.7894736842105264,1.8401559454191028,2.97000416666667
LT63,2024-10-25,70,2.407407407407407,0.7796610169491526,1.6277463904582548,2.97000416666667
LT63,2024-10-25,80,2.1818181818181817,0.7966101694915254,1.385208012326656,2.97000416666667
LT63,2024-10-25,90,1.8448275862068968,0.7796610169491526,1.065166569257744,2.97000416666667
LT61,2024-10-25,10,5.326086956521739,0.3548387096774194,4.97124824684432,4.15035416666667
LT61,2024-10-25,20,4.166666666666666,0.4,3.766666666666666,4.15035416666667
LT61,2024-10-25,30,3.76271186440678,0.5217391304347826,3.2409727339719976,4.15035416666667
LT61,2024-10-25,40,3.5245901639344264,0.6153846153846154,2.909205548549811,4.15035416666667
LT61,2024-10-25,50,3.17910447761194,0.7090909090909091,2.470013568521031,4.15035416666667
LT61,2024-10-25,60,2.8695652173913047,0.6833333333333333,2.186231884057971,4.15035416666667
LT61,2024-10-25,70,2.565217391304348,0.6825396825396826,1.8826777087646656,4.15035416666667
LT61,2024-10-25,80,2.4029850746268657,0.7460317460317459,1.6569533285951197,4.15035416666667
LT61,2024-10-25,90,2.0882352941176467,0.7301587301587302,1.3580765639589163,4.15035416666667
LT64,2024-10-25,10,4.88235294117647,3.4285714285714284,1.4537815126050415,1.099125
LT64,2024-10-25,20,5.470588235294118,3.4615384615384617,2.009049773755656,1.099125
LT64,2024-10-25,30,5.103448275862069,3.4333333333333336,1.6701149425287358,1.099125
LT64,2024-10-25,40,4.359375,3.0000000000000004,1.3593749999999996,1.099125
LT64,2024-10-25,50,3.9850746268656714,2.9302325581395348,1.0548420687261366,1.099125
LT64,2024-10-25,60,3.589041095890411,2.6470588235294117,0.9419822723609994,1.099125
LT64,2024-10-25,70,3.5,2.527272727272727,0.9727272727272732,1.099125
LT64,2024-10-25,80,3.180555555555556,2.3333333333333335,0.8472222222222223,1.099125
LT64,2024-10-25,90,2.7777777777777777,2.070175438596491,0.7076023391812862,1.099125
LT12,2024-11-12,10,5.770833333333334,7.08,0,0.741245833333333
LT12,2024-11-12,20,6,6.707317073170732,0,0.741245833333333
LT12,2024-11-12,30,5.041666666666667,5.142857142857143,0,0.741245833333333
LT12,2024-11-12,40,3.865384615384615,3.6511627906976742,0.2142218246869403,0.741245833333333
LT12,2024-11-12,50,3.2264150943396226,2.7727272727272725,0.4536878216123501,0.741245833333333
LT12,2024-11-12,60,2.568965517241379,2.1063829787234045,0.462582538517975,0.741245833333333
LT12,2024-11-12,70,2.3559322033898304,1.7058823529411764,0.650049850448654,0.741245833333333
LT12,2024-11-12,80,2.1290322580645165,1.3859649122807018,0.7430673457838146,0.741245833333333
LT12,2024-11-12,90,1.8307692307692307,1.180327868852459,0.6504413619167717,0.741245833333333
LT13,2024-11-12,10,2.5609756097560976,0.47826086956521735,2.0827147401908803,1.55290833333333
LT13,2024-11-12,20,2.4583333333333335,0.3863636363636364,2.0719696969696972,1.55290833333333
LT13,2024-11-12,30,2,0.4074074074074074,1.5925925925925926,1.55290833333333
LT13,2024-11-12,40,2.0163934426229506,0.4655172413793104,1.55087620124364,1.55290833333333
LT13,2024-11-12,50,1.890625,0.4444444444444445,1.4461805555555556,1.55290833333333
LT13,2024-11-12,60,1.8153846153846152,0.47619047619047616,1.3391941391941389,1.55290833333333
LT13,2024-11-12,70,1.7500000000000002,0.5573770491803279,1.1926229508196724,1.55290833333333
LT13,2024-11-12,80,1.65625,0.6,1.05625,1.55290833333333
LT13,2024-11-12,90,1.492307692307692,0.5873015873015873,0.9050061050061048,1.55290833333333
LT11,2024-11-12,10,2.6666666666666665,0.6756756756756757,1.9909909909909909,1.56295416666667
LT11,2024-11-12,20,2.0869565217391304,0.5853658536585366,1.5015906680805935,1.56295416666667
LT11,2024-11-12,30,1.8305084745762712,0.68,1.1505084745762717,1.56295416666667
LT11,2024-11-12,40,2.0483870967741935,0.7843137254901961,1.2640733712839975,1.56295416666667
LT11,2024-11-12,50,2.1311475409836067,0.7758620689655173,1.3552854720180894,1.56295416666667
LT11,2024-11-12,60,2.0793650793650795,0.8360655737704918,1.2432995055945877,1.56295416666667
LT11,2024-11-12,70,2,0.8615384615384616,1.1384615384615384,1.56295416666667
LT11,2024-11-12,80,1.9014084507042257,0.8923076923076922,1.0091007583965332,1.56295416666667
LT11,2024-11-12,90,1.6986301369863015,0.8208955223880597,0.8777346145982418,1.56295416666667
LT14,2024-11-12,10,1.7105263157894737,0.41935483870967744,1.2911714770797962,1.08722083333333
LT14,2024-11-12,20,1.4423076923076923,0.42857142857142855,1.0137362637362637,1.08722083333333
LT14,2024-11-12,30,1.8888888888888888,0.5,1.3888888888888888,1.08722083333333
LT14,2024-11-12,40,2,0.4909090909090909,1.509090909090909,1.08722083333333
LT14,2024-11-12,50,1.8833333333333333,0.4736842105263159,1.4096491228070174,1.08722083333333
LT14,2024-11-12,60,1.8474576271186445,0.5178571428571428,1.3296004842615017,1.08722083333333
LT14,2024-11-12,70,1.7384615384615385,0.5555555555555555,1.1829059829059827,1.08722083333333
LT14,2024-11-12,80,1.764705882352941,0.6470588235294117,1.1176470588235292,1.08722083333333
LT14,2024-11-12,90,1.6338028169014085,0.6575342465753424,0.976268570326066,1.08722083333333
LT22,2024-11-12,10,4.8181818181818175,5.024390243902439,0,0.8379875
LT22,2024-11-12,20,4.183673469387755,4.605263157894737,0,0.8379875
LT22,2024-11-12,30,3.5306122448979593,3.75,0,0.8379875
LT22,2024-11-12,40,3.0625,3.325,0,0.8379875
LT22,2024-11-12,50,2.490566037735849,2.697674418604651,0,0.8379875
LT22,2024-11-12,60,2.196428571428571,2.2666666666666666,0,0.8379875
LT22,2024-11-12,70,1.9032258064516128,1.7884615384615383,0.11476426799007422,0.8379875
LT22,2024-11-12,80,1.7910447761194028,1.5357142857142856,0.25533049040511724,0.8379875
LT22,2024-11-12,90,1.6521739130434785,1.3166666666666669,0.3355072463768114,0.8379875
LT23,2024-11-12,10,2.0869565217391304,0.7999999999999999,1.2869565217391306,1.57947916666667
LT23,2024-11-12,20,2.8000000000000003,0.7419354838709677,2.0580645161290327,1.57947916666667
LT23,2024-11-12,30,2.0851063829787235,0.5853658536585366,1.4997405293201869,1.57947916666667
LT23,2024-11-12,40,1.75,0.5625000000000001,1.1875,1.57947916666667
LT23,2024-11-12,50,1.660377358490566,0.5283018867924528,1.132075471698113,1.57947916666667
LT23,2024-11-12,60,1.5438596491228072,0.5263157894736842,1.0175438596491229,1.57947916666667
LT23,2024-11-12,70,1.5344827586206895,0.6071428571428571,0.9273399014778326,1.57947916666667
LT23,2024-11-12,80,1.5245901639344264,0.6440677966101696,0.8805223673242568,1.57947916666667
LT23,2024-11-12,90,1.3692307692307693,0.6290322580645161,0.7401985111662531,1.57947916666667
LT21,2024-11-12,10,5.324999999999999,3.5000000000000004,1.8249999999999988,1.37755833333333
LT21,2024-11-12,20,3.783783783783784,3.096774193548387,0.6870095902353968,1.37755833333333
LT21,2024-11-12,30,2.738095238095238,2.428571428571429,0.3095238095238093,1.37755833333333
LT21,2024-11-12,40,2.3,1.8571428571428572,0.4428571428571426,1.37755833333333
LT21,2024-11-12,50,2.36,1.711111111111111,0.6488888888888888,1.37755833333333
LT21,2024-11-12,60,2.222222222222222,1.52,0.7022222222222219,1.37755833333333
LT21,2024-11-12,70,2.1578947368421053,1.490566037735849,0.6673286991062564,1.37755833333333
LT21,2024-11-12,80,2.1147540983606556,1.3620689655172415,0.7526851328434141,1.37755833333333
LT21,2024-11-12,90,1.8484848484848484,1.1935483870967742,0.6549364613880742,1.37755833333333
LT24,2024-11-12,10,1.3235294117647058,0.65,0.6735294117647058,1.01734583333333
LT24,2024-11-12,20,1.6585365853658538,0.6666666666666666,0.9918699186991872,1.01734583333333
LT24,2024-11-12,30,1.4901960784313726,0.627906976744186,0.8622891016871865,1.01734583333333
LT24,2024-11-12,40,1.355932203389831,0.6,0.7559322033898307,1.01734583333333
LT24,2024-11-12,50,1.55,0.7450980392156863,0.8049019607843138,1.01734583333333
LT24,2024-11-12,60,1.523076923076923,0.7962962962962963,0.7267806267806267,1.01734583333333
LT24,2024-11-12,70,1.5522388059701493,0.7586206896551725,0.7936181163149768,1.01734583333333
LT24,2024-11-12,80,1.5588235294117647,0.7704918032786885,0.7883317261330762,1.01734583333333
LT24,2024-11-12,90,1.4285714285714286,0.7460317460317459,0.6825396825396827,1.01734583333333
LT32,2024-11-12,10,3.6279069767441863,5.170731707317073,0,0.417445833333333
LT32,2024-11-12,20,4.931034482758621,5.5576923076923075,0,0.417445833333333
LT32,2024-11-12,30,4.224137931034483,4.979166666666667,0,0.417445833333333
LT32,2024-11-12,40,3.5000000000000004,4.081632653061225,0,0.417445833333333
LT32,2024-11-12,50,2.95,3.056603773584906,0,0.417445833333333
LT32,2024-11-12,60,2.3968253968253967,2.4727272727272727,0,0.417445833333333
LT32,2024-11-12,70,2.1612903225806455,1.966101694915254,0.19518862766539136,0.417445833333333
LT32,2024-11-12,80,1.9375,1.59375,0.34375,0.417445833333333
LT32,2024-11-12,90,1.691176470588235,1.338235294117647,0.3529411764705881,0.417445833333333
LT33,2024-11-12,10,0.48571428571428577,0.5652173913043478,0,0.979133333333333
LT33,2024-11-12,20,0.42857142857142855,0.4571428571428572,0,0.979133333333333
LT33,2024-11-12,30,0.58,0.5333333333333333,0.04666666666666663,0.979133333333333
LT33,2024-11-12,40,0.7090909090909091,0.6875000000000001,0.02159090909090899,0.979133333333333
LT33,2024-11-12,50,0.7833333333333333,0.6666666666666666,0.1166666666666667,0.979133333333333
LT33,2024-11-12,60,0.8088235294117647,0.6271186440677966,0.18170488534396811,0.979133333333333
LT33,2024-11-12,70,0.9857142857142857,0.6949152542372882,0.2907990314769975,0.979133333333333
LT33,2024-11-12,80,1.136986301369863,0.7377049180327869,0.399281383337076,0.979133333333333
LT33,2024-11-12,90,1.136986301369863,0.7142857142857143,0.4227005870841486,0.979133333333333
LT31,2024-11-12,10,4.420289855072464,1.0588235294117647,3.3614663256606994,1.39807916666667
LT31,2024-11-12,20,2.6428571428571432,1.0196078431372548,1.6232492997198884,1.39807916666667
LT31,2024-11-12,30,2.6825396825396823,1.2448979591836735,1.4376417233560088,1.39807916666667
LT31,2024-11-12,40,2.2794117647058822,1.1923076923076923,1.08710407239819,1.39807916666667
LT31,2024-11-12,50,2.041095890410959,1.0517241379310345,0.9893717524799246,1.39807916666667
LT31,2024-11-12,60,2.0547945205479454,1.15,0.9047945205479456,1.39807916666667
LT31,2024-11-12,70,2.081081081081081,1.2833333333333334,0.7977477477477477,1.39807916666667
LT31,2024-11-12,80,2.013333333333333,1.2153846153846155,0.7979487179487177,1.39807916666667
LT31,2024-11-12,90,1.7894736842105263,1.121212121212121,0.6682615629984052,1.39807916666667
LT34,2024-11-12,10,2.6875,1.3409090909090908,1.3465909090909092,1.28145
LT34,2024-11-12,20,2.846153846153846,1.1304347826086956,1.7157190635451502,1.28145
LT34,2024-11-12,30,2.72,0.94,1.7800000000000002,1.28145
LT34,2024-11-12,40,2.339285714285714,0.9444444444444444,1.3948412698412695,1.28145
LT34,2024-11-12,50,2.2068965517241383,0.9285714285714284,1.27832512315271,1.28145
LT34,2024-11-12,60,2.0161290322580645,0.819672131147541,1.1964569011105235,1.28145
LT34,2024-11-12,70,1.9253731343283584,0.8,1.1253731343283582,1.28145
LT34,2024-11-12,80,1.902777777777778,0.8059701492537313,1.096807628524047,1.28145
LT34,2024-11-12,90,1.767123287671233,0.7536231884057972,1.013500099265436,1.28145
LT42,2024-11-12,10,5.961538461538462,8.314814814814815,0,0.877983333333333
LT42,2024-11-12,20,4.56,5.711538461538462,0,0.877983333333333
LT42,2024-11-12,30,3.2352941176470584,4.416666666666667,0,0.877983333333333
LT42,2024-11-12,40,2.7777777777777777,3.2941176470588234,0,0.877983333333333
LT42,2024-11-12,50,2.360655737704918,2.6346153846153846,0,0.877983333333333
LT42,2024-11-12,60,2.0615384615384618,2.0350877192982457,0.02645074224021604,0.877983333333333
LT42,2024-11-12,70,1.8285714285714287,1.7000000000000002,0.12857142857142856,0.877983333333333
LT42,2024-11-12,80,1.8,1.4603174603174605,0.3396825396825396,0.877983333333333
LT42,2024-11-12,90,1.586666666666667,1.28125,0.30541666666666667,0.877983333333333
LT43,2024-11-12,10,2.5135135135135136,1.111111111111111,1.4024024024024029,0.879258333333333
LT43,2024-11-12,20,1.6037735849056602,1.4545454545454544,0.14922813036020588,0.879258333333333
LT43,2024-11-12,30,1.3962264150943395,1.1282051282051282,0.26802128688921134,0.879258333333333
LT43,2024-11-12,40,1.280701754385965,0.82,0.46070175438596495,0.879258333333333
LT43,2024-11-12,50,1.2950819672131149,0.7454545454545454,0.5496274217585695,0.879258333333333
LT43,2024-11-12,60,1.3384615384615384,0.7457627118644068,0.5926988265971316,0.879258333333333
LT43,2024-11-12,70,1.426470588235294,0.8135593220338984,0.6129112662013956,0.879258333333333
LT43,2024-11-12,80,1.5000000000000002,0.7903225806451613,0.709677419354839,0.879258333333333
LT43,2024-11-12,90,1.381578947368421,0.75,0.631578947368421,0.879258333333333
LT41,2024-11-12,10,1.543478260869565,0.2,1.343478260869565,1.73947083333333
LT41,2024-11-12,20,1.8703703703703705,0.40816326530612246,1.4622071050642478,1.73947083333333
LT41,2024-11-12,30,1.7258064516129032,0.6153846153846154,1.1104218362282878,1.73947083333333
LT41,2024-11-12,40,1.857142857142857,1.1153846153846152,0.7417582417582418,1.73947083333333
LT41,2024-11-12,50,2.126984126984127,1.4339622641509433,0.6930218628331837,1.73947083333333
LT41,2024-11-12,60,2.292307692307692,1.5357142857142856,0.7565934065934066,1.73947083333333
LT41,2024-11-12,70,2.3857142857142857,1.6034482758620692,0.7822660098522165,1.73947083333333
LT41,2024-11-12,80,2.430555555555556,1.540983606557377,0.8895719489981788,1.73947083333333
LT41,2024-11-12,90,2.1891891891891895,1.34375,0.8454391891891895,1.73947083333333
LT44,2024-11-12,10,0.2,0.40909090909090906,0,0.946883333333333
LT44,2024-11-12,20,0.7647058823529411,0.5277777777777778,0.2369281045751633,0.946883333333333
LT44,2024-11-12,30,1.205128205128205,0.6666666666666667,0.5384615384615383,0.946883333333333
LT44,2024-11-12,40,1.3617021276595749,0.8222222222222222,0.5394799054373525,0.946883333333333
LT44,2024-11-12,50,1.4310344827586208,0.8076923076923076,0.6233421750663132,0.946883333333333
LT44,2024-11-12,60,1.5,0.7758620689655173,0.7241379310344827,0.946883333333333
LT44,2024-11-12,70,1.5970149253731345,0.7704918032786885,0.8265231220944458,0.946883333333333
LT44,2024-11-12,80,1.6285714285714286,0.7777777777777778,0.8507936507936508,0.946883333333333
LT44,2024-11-12,90,1.5492957746478877,0.75,0.7992957746478875,0.946883333333333
LT52,2024-11-12,10,0.4545454545454546,0.3636363636363637,0.09090909090909094,0.903845833333333
LT52,2024-11-12,20,0.5882352941176471,0.3666666666666667,0.2215686274509804,0.903845833333333
LT52,2024-11-12,30,0.7045454545454546,0.41860465116279066,0.2859408033826639,0.903845833333333
LT52,2024-11-12,40,0.6981132075471698,0.4791666666666667,0.21894654088050308,0.903845833333333
LT52,2024-11-12,50,0.7857142857142857,0.5471698113207547,0.238544474393531,0.903845833333333
LT52,2024-11-12,60,0.9107142857142856,0.5892857142857143,0.3214285714285714,0.903845833333333
LT52,2024-11-12,70,1.0166666666666666,0.6379310344827587,0.37873563218390793,0.903845833333333
LT52,2024-11-12,80,1.109375,0.65,0.459375,0.903845833333333
LT52,2024-11-12,90,1.0757575757575757,0.639344262295082,0.4364133134624937,0.903845833333333
LT53,2024-11-12,10,0.23076923076923075,0.4545454545454546,0,1.02975416666667
LT53,2024-11-12,20,0.8000000000000002,0.6666666666666667,0.1333333333333334,1.02975416666667
LT53,2024-11-12,30,1.1219512195121952,0.5660377358490566,0.5559134836631386,1.02975416666667
LT53,2024-11-12,40,1.318181818181818,0.5593220338983051,0.758859784283513,1.02975416666667
LT53,2024-11-12,50,1.434782608695652,0.564516129032258,0.8702664796633941,1.02975416666667
LT53,2024-11-12,60,1.3333333333333333,0.5757575757575757,0.7575757575757576,1.02975416666667
LT53,2024-11-12,70,1.3833333333333333,0.6176470588235293,0.765686274509804,1.02975416666667
LT53,2024-11-12,80,1.424242424242424,0.6617647058823529,0.7624777183600712,1.02975416666667
LT53,2024-11-12,90,1.342857142857143,0.6376811594202899,0.7051759834368531,1.02975416666667
LT51,2024-11-12,10,1.088235294117647,0.5,0.588235294117647,1.86015833333333
LT51,2024-11-12,20,2.0392156862745097,0.4473684210526316,1.591847265221878,1.86015833333333
LT51,2024-11-12,30,2.056603773584906,0.4444444444444444,1.6121593291404617,1.86015833333333
LT51,2024-11-12,40,1.9285714285714288,0.48333333333333334,1.4452380952380952,1.86015833333333
LT51,2024-11-12,50,2,0.5151515151515151,1.4848484848484849,1.86015833333333
LT51,2024-11-12,60,2,0.6376811594202899,1.36231884057971,1.86015833333333
LT51,2024-11-12,70,2.0869565217391304,0.7611940298507462,1.325762491888384,1.86015833333333
LT51,2024-11-12,80,1.9594594594594592,0.8088235294117647,1.1506359300476947,1.86015833333333
LT51,2024-11-12,90,1.84,0.7761194029850746,1.0638805970149252,1.86015833333333
LT54,2024-11-12,10,1.8636363636363635,0.625,1.2386363636363635,0.991804166666667
LT54,2024-11-12,20,2,1.75,0.25,0.991804166666667
LT54,2024-11-12,30,2.2115384615384612,1.7708333333333333,0.440705128205128,0.991804166666667
LT54,2024-11-12,40,2.0338983050847457,1.607142857142857,0.4267554479418887,0.991804166666667
LT54,2024-11-12,50,1.9672131147540983,1.4745762711864407,0.4926368435676576,0.991804166666667
LT54,2024-11-12,60,2.015151515151515,1.4666666666666668,0.5484848484848484,0.991804166666667
LT54,2024-11-12,70,2.057971014492754,1.403225806451613,0.6547452080411409,0.991804166666667
LT54,2024-11-12,80,2.1232876712328768,1.34375,0.7795376712328768,0.991804166666667
LT54,2024-11-12,90,2.0675675675675675,1.265625,0.8019425675675675,0.991804166666667
LT62,2024-11-12,10,0,0.35000000000000003,0,0.9283
LT62,2024-11-12,20,0.05555555555555556,0.3870967741935484,0,0.9283
LT62,2024-11-12,30,0.16,0.33333333333333337,0,0.9283
LT62,2024-11-12,40,0.29411764705882354,0.3548387096774194,0,0.9283
LT62,2024-11-12,50,0.4705882352941176,0.4153846153846154,0.05520361990950223,0.9283
LT62,2024-11-12,60,0.5499999999999999,0.45588235294117646,0.09411764705882349,0.9283
LT62,2024-11-12,70,0.6904761904761905,0.5223880597014925,0.16808813077469795,0.9283
LT62,2024-11-12,80,0.8260869565217391,0.5671641791044776,0.25892277741726155,0.9283
LT62,2024-11-12,90,0.82,0.5671641791044776,0.25283582089552237,0.9283
LT63,2024-11-12,10,0.4444444444444445,0.7083333333333334,0,0.8012625
LT63,2024-11-12,20,0.95,0.5952380952380952,0.3547619047619047,0.8012625
LT63,2024-11-12,30,1.0416666666666667,0.5555555555555555,0.48611111111111127,0.8012625
LT63,2024-11-12,40,1,0.6545454545454544,0.34545454545454557,0.8012625
LT63,2024-11-12,50,1.0476190476190477,0.7818181818181817,0.2658008658008659,0.8012625
LT63,2024-11-12,60,1.2093023255813955,0.7894736842105264,0.41982864137086906,0.8012625
LT63,2024-11-12,70,1.2173913043478262,0.7796610169491526,0.4377302873986736,0.8012625
LT63,2024-11-12,80,1.2857142857142858,0.7966101694915254,0.4891041162227604,0.8012625
LT63,2024-11-12,90,1.2264150943396226,0.7796610169491526,0.44675407739047,0.8012625
LT61,2024-11-12,10,0.125,0.3548387096774194,0,1.27545
LT61,2024-11-12,20,0.6896551724137931,0.4,0.2896551724137932,1.27545
LT61,2024-11-12,30,1.5151515151515151,0.5217391304347826,0.9934123847167324,1.27545
LT61,2024-11-12,40,1.625,0.6153846153846154,1.0096153846153846,1.27545
LT61,2024-11-12,50,1.7272727272727273,0.7090909090909091,1.018181818181818,1.27545
LT61,2024-11-12,60,1.5918367346938775,0.6833333333333333,0.9085034013605442,1.27545
LT61,2024-11-12,70,1.462962962962963,0.6825396825396826,0.7804232804232805,1.27545
LT61,2024-11-12,80,1.4385964912280702,0.7460317460317459,0.6925647451963243,1.27545
LT61,2024-11-12,90,1.3166666666666669,0.7301587301587302,0.5865079365079366,1.27545
LT64,2024-11-12,10,3.310344827586207,3.4285714285714284,0,0.442983333333333
LT64,2024-11-12,20,3.3333333333333335,3.4615384615384617,0,0.442983333333333
LT64,2024-11-12,30,3.361111111111111,3.4333333333333336,0,0.442983333333333
LT64,2024-11-12,40,2.8499999999999996,3.0000000000000004,0,0.442983333333333
LT64,2024-11-12,50,2.7555555555555555,2.9302325581395348,0,0.442983333333333
LT64,2024-11-12,60,2.673076923076923,2.6470588235294117,0.02601809954751122,0.442983333333333
LT64,2024-11-12,70,2.724137931034483,2.527272727272727,0.1968652037617562,0.442983333333333
LT64,2024-11-12,80,2.704918032786886,2.3333333333333335,0.3715846994535519,0.442983333333333
LT64,2024-11-12,90,2.34375,2.070175438596491,0.27357456140350855,0.442983333333333
LT12,2024-12-02,10,6.375,7.08,0,0.0428083333333333
LT12,2024-12-02,20,6.609756097560976,6.707317073170732,0,0.0428083333333333
LT12,2024-12-02,30,4.909090909090909,5.142857142857143,0,0.0428083333333333
LT12,2024-12-02,40,3.533333333333333,3.6511627906976742,0,0.0428083333333333
LT12,2024-12-02,50,2.782608695652174,2.7727272727272725,0.00988142292490135,0.0428083333333333
LT12,2024-12-02,60,2.16,2.1063829787234045,0.05361702127659562,0.0428083333333333
LT12,2024-12-02,70,1.9245283018867925,1.7058823529411764,0.2186459489456161,0.0428083333333333
LT12,2024-12-02,80,1.728813559322034,1.3859649122807018,0.3428486470413321,0.0428083333333333
LT12,2024-12-02,90,1.5161290322580645,1.180327868852459,0.3358011634056055,0.0428083333333333
LT13,2024-12-02,10,0.47368421052631576,0.47826086956521735,0,0.06735
LT13,2024-12-02,20,0.4545454545454546,0.3863636363636364,0.06818181818181812,0.06735
LT13,2024-12-02,30,0.4651162790697675,0.4074074074074074,0.0577088716623601,0.06735
LT13,2024-12-02,40,0.54,0.4655172413793104,0.07448275862068965,0.06735
LT13,2024-12-02,50,0.5172413793103449,0.4444444444444445,0.07279693486590039,0.06735
LT13,2024-12-02,60,0.5625,0.47619047619047616,0.08630952380952384,0.06735
LT13,2024-12-02,70,0.703125,0.5573770491803279,0.14574795081967207,0.06735
LT13,2024-12-02,80,0.8125,0.6,0.2125,0.06735
LT13,2024-12-02,90,0.8307692307692308,0.5873015873015873,0.2434676434676435,0.06735
LT11,2024-12-02,10,0.65625,0.6756756756756757,0,0.0787166666666667
LT11,2024-12-02,20,0.5945945945945946,0.5853658536585366,0.00922874093605807,0.0787166666666667
LT11,2024-12-02,30,0.7083333333333334,0.68,0.02833333333333332,0.0787166666666667
LT11,2024-12-02,40,0.8269230769230769,0.7843137254901961,0.0426093514328808,0.0787166666666667
LT11,2024-12-02,50,0.8524590163934427,0.7758620689655173,0.07659694742792533,0.0787166666666667
LT11,2024-12-02,60,0.9846153846153846,0.8360655737704918,0.14854981084489272,0.0787166666666667
LT11,2024-12-02,70,1.115942028985507,0.8615384615384616,0.25440356744704573,0.0787166666666667
LT11,2024-12-02,80,1.2173913043478262,0.8923076923076922,0.3250836120401339,0.0787166666666667
LT11,2024-12-02,90,1.1408450704225352,0.8208955223880597,0.3199495480344755,0.0787166666666667
LT14,2024-12-02,10,0.3333333333333333,0.41935483870967744,0,0.0743625
LT14,2024-12-02,20,0.45833333333333337,0.42857142857142855,0.02976190476190482,0.0743625
LT14,2024-12-02,30,0.58,0.5,0.07999999999999996,0.0743625
LT14,2024-12-02,40,0.5740740740740741,0.4909090909090909,0.08316498316498316,0.0743625
LT14,2024-12-02,50,0.5862068965517242,0.4736842105263159,0.11252268602540832,0.0743625
LT14,2024-12-02,60,0.6842105263157896,0.5178571428571428,0.1663533834586468,0.0743625
LT14,2024-12-02,70,0.7936507936507936,0.5555555555555555,0.23809523809523817,0.0743625
LT14,2024-12-02,80,0.9701492537313432,0.6470588235294117,0.3230904302019316,0.0743625
LT14,2024-12-02,90,1,0.6575342465753424,0.34246575342465757,0.0743625
LT22,2024-12-02,10,4.199999999999999,5.024390243902439,0,0.0401041666666667
LT22,2024-12-02,20,3.945945945945946,4.605263157894737,0,0.0401041666666667
LT22,2024-12-02,30,3.1794871794871793,3.75,0,0.0401041666666667
LT22,2024-12-02,40,2.897435897435897,3.325,0,0.0401041666666667
LT22,2024-12-02,50,2.3953488372093026,2.697674418604651,0,0.0401041666666667
LT22,2024-12-02,60,2.111111111111111,2.2666666666666666,0,0.0401041666666667
LT22,2024-12-02,70,1.803921568627451,1.7884615384615383,0.01546003016591246,0.0401041666666667
LT22,2024-12-02,80,1.6607142857142856,1.5357142857142856,0.125,0.0401041666666667
LT22,2024-12-02,90,1.4666666666666668,1.3166666666666669,0.1499999999999999,0.0401041666666667
LT23,2024-12-02,10,0.4545454545454546,0.7999999999999999,0,0.0587458333333333
LT23,2024-12-02,20,0.5666666666666668,0.7419354838709677,0,0.0587458333333333
LT23,2024-12-02,30,0.5526315789473684,0.5853658536585366,0,0.0587458333333333
LT23,2024-12-02,40,0.5,0.5625000000000001,0,0.0587458333333333
LT23,2024-12-02,50,0.49056603773584906,0.5283018867924528,0,0.0587458333333333
LT23,2024-12-02,60,0.5172413793103449,0.5263157894736842,0,0.0587458333333333
LT23,2024-12-02,70,0.639344262295082,0.6071428571428571,0.03220140515222491,0.0587458333333333
LT23,2024-12-02,80,0.7727272727272727,0.6440677966101696,0.12865947611710316,0.0587458333333333
LT23,2024-12-02,90,0.7826086956521741,0.6290322580645161,0.15357643758765793,0.0587458333333333
LT21,2024-12-02,10,3.071428571428571,3.5000000000000004,0,0.0462875
LT21,2024-12-02,20,2.8275862068965516,3.096774193548387,0,0.0462875
LT21,2024-12-02,30,2.085714285714286,2.428571428571429,0,0.0462875
LT21,2024-12-02,40,1.6190476190476193,1.8571428571428572,0,0.0462875
LT21,2024-12-02,50,1.543478260869565,1.711111111111111,0,0.0462875
LT21,2024-12-02,60,1.4509803921568627,1.52,0,0.0462875
LT21,2024-12-02,70,1.5090909090909088,1.490566037735849,0.01852487135505987,0.0462875
LT21,2024-12-02,80,1.5333333333333334,1.3620689655172415,0.1712643678160919,0.0462875
LT21,2024-12-02,90,1.4126984126984128,1.1935483870967742,0.21915002560163857,0.0462875
LT24,2024-12-02,10,1,0.65,0.35,0.0168916666666667
LT24,2024-12-02,20,0.9000000000000001,0.6666666666666666,0.2333333333333335,0.0168916666666667
LT24,2024-12-02,30,0.7073170731707317,0.627906976744186,0.07941009642654562,0.0168916666666667
LT24,2024-12-02,40,0.7083333333333334,0.6,0.1083333333333334,0.0168916666666667
LT24,2024-12-02,50,0.86,0.7450980392156863,0.1149019607843137,0.0168916666666667
LT24,2024-12-02,60,0.9090909090909092,0.7962962962962963,0.11279461279461278,0.0168916666666667
LT24,2024-12-02,70,0.9491525423728816,0.7586206896551725,0.190531852717709,0.0168916666666667
LT24,2024-12-02,80,0.9846153846153846,0.7704918032786885,0.21412358133669607,0.0168916666666667
LT24,2024-12-02,90,0.9558823529411764,0.7460317460317459,0.20985060690943047,0.0168916666666667
LT32,2024-12-02,10,4.214285714285714,5.170731707317073,0,0.0194708333333333
LT32,2024-12-02,20,4.909090909090909,5.5576923076923075,0,0.0194708333333333
LT32,2024-12-02,30,4.612244897959183,4.979166666666667,0,0.0194708333333333
LT32,2024-12-02,40,3.84,4.081632653061225,0,0.0194708333333333
LT32,2024-12-02,50,3.056603773584906,3.056603773584906,0,0.0194708333333333
LT32,2024-12-02,60,2.545454545454545,2.4727272727272727,0.07272727272727231,0.0194708333333333
LT32,2024-12-02,70,2.1724137931034484,1.966101694915254,0.2063120981881943,0.0194708333333333
LT32,2024-12-02,80,1.9193548387096773,1.59375,0.32560483870967727,0.0194708333333333
LT32,2024-12-02,90,1.681818181818182,1.338235294117647,0.3435828877005349,0.0194708333333333
LT33,2024-12-02,10,0.42857142857142855,0.5652173913043478,0,0.0189958333333333
LT33,2024-12-02,20,0.37142857142857144,0.4571428571428572,0,0.0189958333333333
LT33,2024-12-02,30,0.5348837209302326,0.5333333333333333,0.00155038759689929,0.0189958333333333
LT33,2024-12-02,40,0.7021276595744682,0.6875000000000001,0.0146276595744681,0.0189958333333333
LT33,2024-12-02,50,0.7358490566037735,0.6666666666666666,0.0691823899371069,0.0189958333333333
LT33,2024-12-02,60,0.7457627118644068,0.6271186440677966,0.1186440677966102,0.0189958333333333
LT33,2024-12-02,70,0.9047619047619048,0.6949152542372882,0.20984665052461648,0.0189958333333333
LT33,2024-12-02,80,1.09375,0.7377049180327869,0.3560450819672131,0.0189958333333333
LT33,2024-12-02,90,1.0597014925373134,0.7142857142857143,0.3454157782515991,0.0189958333333333
LT31,2024-12-02,10,0.8780487804878049,1.0588235294117647,0,0.0347958333333333
LT31,2024-12-02,20,0.8913043478260869,1.0196078431372548,0,0.0347958333333333
LT31,2024-12-02,30,1.173913043478261,1.2448979591836735,0,0.0347958333333333
LT31,2024-12-02,40,1.2040816326530612,1.1923076923076923,0.01177394034536893,0.0347958333333333
LT31,2024-12-02,50,1.148148148148148,1.0517241379310345,0.09642401021711366,0.0347958333333333
LT31,2024-12-02,60,1.3333333333333337,1.15,0.18333333333333357,0.0347958333333333
LT31,2024-12-02,70,1.5423728813559323,1.2833333333333334,0.2590395480225989,0.0347958333333333
LT31,2024-12-02,80,1.546875,1.2153846153846155,0.3314903846153845,0.0347958333333333
LT31,2024-12-02,90,1.4687499999999998,1.121212121212121,0.3475378787878787,0.0347958333333333
LT34,2024-12-02,10,1.2244897959183674,1.3409090909090908,0,0.088825
LT34,2024-12-02,20,1.2765957446808511,1.1304347826086956,0.14616096207215556,0.088825
LT34,2024-12-02,30,1.0816326530612246,0.94,0.14163265306122463,0.088825
LT34,2024-12-02,40,1.0526315789473684,0.9444444444444444,0.10818713450292394,0.088825
LT34,2024-12-02,50,1.0163934426229508,0.9285714285714284,0.08782201405152235,0.088825
LT34,2024-12-02,60,1.0476190476190477,0.819672131147541,0.22794691647150667,0.088825
LT34,2024-12-02,70,1.1363636363636362,0.8,0.3363636363636362,0.088825
LT34,2024-12-02,80,1.3088235294117647,0.8059701492537313,0.5028533801580334,0.088825
LT34,2024-12-02,90,1.2361111111111112,0.7536231884057972,0.48248792270531393,0.088825
LT42,2024-12-02,10,6.6,8.314814814814815,0,0.0488
LT42,2024-12-02,20,4.901960784313726,5.711538461538462,0,0.0488
LT42,2024-12-02,30,3.666666666666667,4.416666666666667,0,0.0488
LT42,2024-12-02,40,2.86,3.2941176470588234,0,0.0488
LT42,2024-12-02,50,2.30188679245283,2.6346153846153846,0,0.0488
LT42,2024-12-02,60,1.8166666666666669,2.0350877192982457,0,0.0488
LT42,2024-12-02,70,1.625,1.7000000000000002,0,0.0488
LT42,2024-12-02,80,1.5294117647058822,1.4603174603174605,0.06909430438842179,0.0488
LT42,2024-12-02,90,1.356164383561644,1.28125,0.07491438356164393,0.0488
LT43,2024-12-02,10,0.8,1.111111111111111,0,0.0312916666666667
LT43,2024-12-02,20,1.0285714285714287,1.4545454545454544,0,0.0312916666666667
LT43,2024-12-02,30,0.8372093023255813,1.1282051282051282,0,0.0312916666666667
LT43,2024-12-02,40,0.74,0.82,0,0.0312916666666667
LT43,2024-12-02,50,0.7142857142857143,0.7454545454545454,0,0.0312916666666667
LT43,2024-12-02,60,0.7833333333333333,0.7457627118644068,0.03757062146892653,0.0312916666666667
LT43,2024-12-02,70,0.9516129032258064,0.8135593220338984,0.13805358119190805,0.0312916666666667
LT43,2024-12-02,80,1.0769230769230769,0.7903225806451613,0.2866004962779156,0.0312916666666667
LT43,2024-12-02,90,1.042857142857143,0.75,0.2928571428571429,0.0312916666666667
LT41,2024-12-02,10,0.2352941176470588,0.2,0.03529411764705884,0.0874291666666667
LT41,2024-12-02,20,0.3829787234042553,0.40816326530612246,0,0.0874291666666667
LT41,2024-12-02,30,0.5849056603773585,0.6153846153846154,0,0.0874291666666667
LT41,2024-12-02,40,1.111111111111111,1.1153846153846152,0,0.0874291666666667
LT41,2024-12-02,50,1.4909090909090907,1.4339622641509433,0.05694682675814744,0.0874291666666667
LT41,2024-12-02,60,1.65,1.5357142857142856,0.11428571428571456,0.0874291666666667
LT41,2024-12-02,70,1.7999999999999998,1.6034482758620692,0.19655172413793065,0.0874291666666667
LT41,2024-12-02,80,1.8695652173913044,1.540983606557377,0.32858161083392745,0.0874291666666667
LT41,2024-12-02,90,1.710144927536232,1.34375,0.36639492753623193,0.0874291666666667
LT44,2024-12-02,10,0.22222222222222224,0.40909090909090906,0,0.029375
LT44,2024-12-02,20,0.3333333333333333,0.5277777777777778,0,0.029375
LT44,2024-12-02,30,0.48648648648648646,0.6666666666666667,0,0.029375
LT44,2024-12-02,40,0.6666666666666667,0.8222222222222222,0,0.029375
LT44,2024-12-02,50,0.7058823529411764,0.8076923076923076,0,0.029375
LT44,2024-12-02,60,0.7931034482758622,0.7758620689655173,0.01724137931034486,0.029375
LT44,2024-12-02,70,0.9047619047619048,0.7704918032786885,0.13427010148321616,0.029375
LT44,2024-12-02,80,1.0454545454545454,0.7777777777777778,0.2676767676767676,0.029375
LT44,2024-12-02,90,1.0441176470588234,0.75,0.2941176470588234,0.029375
LT52,2024-12-02,10,0.2,0.3636363636363637,0,0.0422708333333333
LT52,2024-12-02,20,0.2608695652173913,0.3666666666666667,0,0.0422708333333333
LT52,2024-12-02,30,0.3055555555555556,0.41860465116279066,0,0.0422708333333333
LT52,2024-12-02,40,0.3409090909090909,0.4791666666666667,0,0.0422708333333333
LT52,2024-12-02,50,0.40816326530612246,0.5471698113207547,0,0.0422708333333333
LT52,2024-12-02,60,0.4528301886792453,0.5892857142857143,0,0.0422708333333333
LT52,2024-12-02,70,0.5272727272727272,0.6379310344827587,0,0.0422708333333333
LT52,2024-12-02,80,0.5862068965517242,0.65,0,0.0422708333333333
LT52,2024-12-02,90,0.6,0.639344262295082,0,0.0422708333333333
LT53,2024-12-02,10,0.2380952380952381,0.4545454545454546,0,0.0205583333333333
LT53,2024-12-02,20,0.3636363636363636,0.6666666666666667,0,0.0205583333333333
LT53,2024-12-02,30,0.29545454545454547,0.5660377358490566,0,0.0205583333333333
LT53,2024-12-02,40,0.32075471698113206,0.5593220338983051,0,0.0205583333333333
LT53,2024-12-02,50,0.3387096774193548,0.564516129032258,0,0.0205583333333333
LT53,2024-12-02,60,0.3846153846153846,0.5757575757575757,0,0.0205583333333333
LT53,2024-12-02,70,0.47761194029850745,0.6176470588235293,0,0.0205583333333333
LT53,2024-12-02,80,0.5507246376811594,0.6617647058823529,0,0.0205583333333333
LT53,2024-12-02,90,0.5714285714285715,0.6376811594202899,0,0.0205583333333333
LT51,2024-12-02,10,0.25,0.5,0,0.0665791666666667
LT51,2024-12-02,20,0.25806451612903225,0.4473684210526316,0,0.0665791666666667
LT51,2024-12-02,30,0.2916666666666667,0.4444444444444444,0,0.0665791666666667
LT51,2024-12-02,40,0.35185185185185186,0.48333333333333334,0,0.0665791666666667
LT51,2024-12-02,50,0.42622950819672134,0.5151515151515151,0,0.0665791666666667
LT51,2024-12-02,60,0.5846153846153846,0.6376811594202899,0,0.0665791666666667
LT51,2024-12-02,70,0.7424242424242424,0.7611940298507462,0,0.0665791666666667
LT51,2024-12-02,80,0.8507462686567163,0.8088235294117647,0.0419227392449516,0.0665791666666667
LT51,2024-12-02,90,0.8636363636363635,0.7761194029850746,0.08751696065128889,0.0665791666666667
LT54,2024-12-02,10,0.368421052631579,0.625,0,0.0771916666666667
LT54,2024-12-02,20,1.2142857142857142,1.75,0,0.0771916666666667
LT54,2024-12-02,30,1.146341463414634,1.7708333333333333,0,0.0771916666666667
LT54,2024-12-02,40,1.0185185185185186,1.607142857142857,0,0.0771916666666667
LT54,2024-12-02,50,1.0701754385964912,1.4745762711864407,0,0.0771916666666667
LT54,2024-12-02,60,1.1833333333333331,1.4666666666666668,0,0.0771916666666667
LT54,2024-12-02,70,1.238095238095238,1.403225806451613,0,0.0771916666666667
LT54,2024-12-02,80,1.3125,1.34375,0,0.0771916666666667
LT54,2024-12-02,90,1.2615384615384615,1.265625,0,0.0771916666666667
LT62,2024-12-02,10,0.5454545454545454,0.35000000000000003,0.19545454545454535,0.0349291666666667
LT62,2024-12-02,20,0.5,0.3870967741935484,0.11290322580645162,0.0349291666666667
LT62,2024-12-02,30,0.4107142857142857,0.33333333333333337,0.07738095238095233,0.0349291666666667
LT62,2024-12-02,40,0.4477611940298507,0.3548387096774194,0.09292248435243132,0.0349291666666667
LT62,2024-12-02,50,0.5070422535211268,0.4153846153846154,0.09165763813651134,0.0349291666666667
LT62,2024-12-02,60,0.6056338028169014,0.45588235294117646,0.14975144987572492,0.0349291666666667
LT62,2024-12-02,70,0.7571428571428572,0.5223880597014925,0.2347547974413647,0.0349291666666667
LT62,2024-12-02,80,0.9130434782608696,0.5671641791044776,0.34587929915639204,0.0349291666666667
LT62,2024-12-02,90,0.9,0.5671641791044776,0.33283582089552244,0.0349291666666667
LT63,2024-12-02,10,0.5909090909090909,0.7083333333333334,0,0.0282875
LT63,2024-12-02,20,0.4761904761904762,0.5952380952380952,0,0.0282875
LT63,2024-12-02,30,0.49056603773584906,0.5555555555555555,0,0.0282875
LT63,2024-12-02,40,0.6428571428571428,0.6545454545454544,0,0.0282875
LT63,2024-12-02,50,0.8749999999999999,0.7818181818181817,0.09318181818181814,0.0282875
LT63,2024-12-02,60,1,0.7894736842105264,0.21052631578947356,0.0282875
LT63,2024-12-02,70,1.0862068965517242,0.7796610169491526,0.3065458796025716,0.0282875
LT63,2024-12-02,80,1.1694915254237288,0.7966101694915254,0.3728813559322034,0.0282875
LT63,2024-12-02,90,1.1333333333333335,0.7796610169491526,0.35367231638418095,0.0282875
LT61,2024-12-02,10,0.48484848484848486,0.3548387096774194,0.1300097751710655,0.039075
LT61,2024-12-02,20,0.5348837209302326,0.4,0.13488372093023265,0.039075
LT61,2024-12-02,30,0.5961538461538461,0.5217391304347826,0.07441471571906355,0.039075
LT61,2024-12-02,40,0.7,0.6153846153846154,0.08461538461538454,0.039075
LT61,2024-12-02,50,0.8,0.7090909090909091,0.09090909090909094,0.039075
LT61,2024-12-02,60,0.8285714285714285,0.6833333333333333,0.14523809523809517,0.039075
LT61,2024-12-02,70,0.9014084507042254,0.6825396825396826,0.2188687681645428,0.039075
LT61,2024-12-02,80,1.028169014084507,0.7460317460317459,0.28213726805276107,0.039075
LT61,2024-12-02,90,1.0294117647058822,0.7301587301587302,0.299253034547152,0.039075
LT64,2024-12-02,10,3.4999999999999996,3.4285714285714284,0.07142857142857117,0.014975
LT64,2024-12-02,20,3.28,3.4615384615384617,0,0.014975
LT64,2024-12-02,30,3.241379310344828,3.4333333333333336,0,0.014975
LT64,2024-12-02,40,2.805555555555556,3.0000000000000004,0,0.014975
LT64,2024-12-02,50,2.7954545454545454,2.9302325581395348,0,0.014975
LT64,2024-12-02,60,2.773584905660377,2.6470588235294117,0.12652608213096528,0.014975
LT64,2024-12-02,70,2.8947368421052633,2.527272727272727,0.3674641148325364,0.014975
LT64,2024-12-02,80,2.8135593220338984,2.3333333333333335,0.4802259887005649,0.014975
LT64,2024-12-02,90,2.435483870967742,2.070175438596491,0.36530843237125055,0.014975
LT12,2024-12-16,10,7.08,7.08,0,0
LT12,2024-12-16,20,6.707317073170732,6.707317073170732,0,0
LT12,2024-12-16,30,5.142857142857143,5.142857142857143,0,0
LT12,2024-12-16,40,3.6511627906976742,3.6511627906976742,0,0
LT12,2024-12-16,50,2.7727272727272725,2.7727272727272725,0,0
LT12,2024-12-16,60,2.1063829787234045,2.1063829787234045,0,0
LT12,2024-12-16,70,1.7058823529411764,1.7058823529411764,0,0
LT12,2024-12-16,80,1.3859649122807018,1.3859649122807018,0,0
LT12,2024-12-16,90,1.180327868852459,1.180327868852459,0,0
LT13,2024-12-16,10,0.47826086956521735,0.47826086956521735,0,0
LT13,2024-12-16,20,0.3863636363636364,0.3863636363636364,0,0
LT13,2024-12-16,30,0.4074074074074074,0.4074074074074074,0,0
LT13,2024-12-16,40,0.4655172413793104,0.4655172413793104,0,0
LT13,2024-12-16,50,0.4444444444444445,0.4444444444444445,0,0
LT13,2024-12-16,60,0.47619047619047616,0.47619047619047616,0,0
LT13,2024-12-16,70,0.5573770491803279,0.5573770491803279,0,0
LT13,2024-12-16,80,0.6,0.6,0,0
LT13,2024-12-16,90,0.5873015873015873,0.5873015873015873,0,0
LT11,2024-12-16,10,0.6756756756756757,0.6756756756756757,0,0
LT11,2024-12-16,20,0.5853658536585366,0.5853658536585366,0,0
LT11,2024-12-16,30,0.68,0.68,0,0
LT11,2024-12-16,40,0.7843137254901961,0.7843137254901961,0,0
LT11,2024-12-16,50,0.7758620689655173,0.7758620689655173,0,0
LT11,2024-12-16,60,0.8360655737704918,0.8360655737704918,0,0
LT11,2024-12-16,70,0.8615384615384616,0.8615384615384616,0,0
LT11,2024-12-16,80,0.8923076923076922,0.8923076923076922,0,0
LT11,2024-12-16,90,0.8208955223880597,0.8208955223880597,0,0
LT14,2024-12-16,10,0.41935483870967744,0.41935483870967744,0,0
LT14,2024-12-16,20,0.42857142857142855,0.42857142857142855,0,0
LT14,2024-12-16,30,0.5,0.5,0,0
LT14,2024-12-16,40,0.4909090909090909,0.4909090909090909,0,0
LT14,2024-12-16,50,0.4736842105263159,0.4736842105263159,0,0
LT14,2024-12-16,60,0.5178571428571428,0.5178571428571428,0,0
LT14,2024-12-16,70,0.5555555555555555,0.5555555555555555,0,0
LT14,2024-12-16,80,0.6470588235294117,0.6470588235294117,0,0
LT14,2024-12-16,90,0.6575342465753424,0.6575342465753424,0,0
LT22,2024-12-16,10,5.024390243902439,5.024390243902439,0,0
LT22,2024-12-16,20,4.605263157894737,4.605263157894737,0,0
LT22,2024-12-16,30,3.75,3.75,0,0
LT22,2024-12-16,40,3.325,3.325,0,0
LT22,2024-12-16,50,2.697674418604651,2.697674418604651,0,0
LT22,2024-12-16,60,2.2666666666666666,2.2666666666666666,0,0
LT22,2024-12-16,70,1.7884615384615383,1.7884615384615383,0,0
LT22,2024-12-16,80,1.5357142857142856,1.5357142857142856,0,0
LT22,2024-12-16,90,1.3166666666666669,1.3166666666666669,0,0
LT23,2024-12-16,10,0.7999999999999999,0.7999999999999999,0,0
LT23,2024-12-16,20,0.7419354838709677,0.7419354838709677,0,0
LT23,2024-12-16,30,0.5853658536585366,0.5853658536585366,0,0
LT23,2024-12-16,40,0.5625000000000001,0.5625000000000001,0,0
LT23,2024-12-16,50,0.5283018867924528,0.5283018867924528,0,0
LT23,2024-12-16,60,0.5263157894736842,0.5263157894736842,0,0
LT23,2024-12-16,70,0.6071428571428571,0.6071428571428571,0,0
LT23,2024-12-16,80,0.6440677966101696,0.6440677966101696,0,0
LT23,2024-12-16,90,0.6290322580645161,0.6290322580645161,0,0
LT21,2024-12-16,10,3.5000000000000004,3.5000000000000004,0,0
LT21,2024-12-16,20,3.096774193548387,3.096774193548387,0,0
LT21,2024-12-16,30,2.428571428571429,2.428571428571429,0,0
LT21,2024-12-16,40,1.8571428571428572,1.8571428571428572,0,0
LT21,2024-12-16,50,1.711111111111111,1.711111111111111,0,0
LT21,2024-12-16,60,1.52,1.52,0,0
LT21,2024-12-16,70,1.490566037735849,1.490566037735849,0,0
LT21,2024-12-16,80,1.3620689655172415,1.3620689655172415,0,0
LT21,2024-12-16,90,1.1935483870967742,1.1935483870967742,0,0
LT24,2024-12-16,10,0.65,0.65,0,0
LT24,2024-12-16,20,0.6666666666666666,0.6666666666666666,0,0
LT24,2024-12-16,30,0.627906976744186,0.627906976744186,0,0
LT24,2024-12-16,40,0.6,0.6,0,0
LT24,2024-12-16,50,0.7450980392156863,0.7450980392156863,0,0
LT24,2024-12-16,60,0.7962962962962963,0.7962962962962963,0,0
LT24,2024-12-16,70,0.7586206896551725,0.7586206896551725,0,0
LT24,2024-12-16,80,0.7704918032786885,0.7704918032786885,0,0
LT24,2024-12-16,90,0.7460317460317459,0.7460317460317459,0,0
LT32,2024-12-16,10,5.170731707317073,5.170731707317073,0,0
LT32,2024-12-16,20,5.5576923076923075,5.5576923076923075,0,0
LT32,2024-12-16,30,4.979166666666667,4.979166666666667,0,0
LT32,2024-12-16,40,4.081632653061225,4.081632653061225,0,0
LT32,2024-12-16,50,3.056603773584906,3.056603773584906,0,0
LT32,2024-12-16,60,2.4727272727272727,2.4727272727272727,0,0
LT32,2024-12-16,70,1.966101694915254,1.966101694915254,0,0
LT32,2024-12-16,80,1.59375,1.59375,0,0
LT32,2024-12-16,90,1.338235294117647,1.338235294117647,0,0
LT33,2024-12-16,10,0.5652173913043478,0.5652173913043478,0,0
LT33,2024-12-16,20,0.4571428571428572,0.4571428571428572,0,0
LT33,2024-12-16,30,0.5333333333333333,0.5333333333333333,0,0
LT33,2024-12-16,40,0.6875000000000001,0.6875000000000001,0,0
LT33,2024-12-16,50,0.6666666666666666,0.6666666666666666,0,0
LT33,2024-12-16,60,0.6271186440677966,0.6271186440677966,0,0
LT33,2024-12-16,70,0.6949152542372882,0.6949152542372882,0,0
LT33,2024-12-16,80,0.7377049180327869,0.7377049180327869,0,0
LT33,2024-12-16,90,0.7142857142857143,0.7142857142857143,0,0
LT31,2024-12-16,10,1.0588235294117647,1.0588235294117647,0,0
LT31,2024-12-16,20,1.0196078431372548,1.0196078431372548,0,0
LT31,2024-12-16,30,1.2448979591836735,1.2448979591836735,0,0
LT31,2024-12-16,40,1.1923076923076923,1.1923076923076923,0,0
LT31,2024-12-16,50,1.0517241379310345,1.0517241379310345,0,0
LT31,2024-12-16,60,1.15,1.15,0,0
LT31,2024-12-16,70,1.2833333333333334,1.2833333333333334,0,0
LT31,2024-12-16,80,1.2153846153846155,1.2153846153846155,0,0
LT31,2024-12-16,90,1.121212121212121,1.121212121212121,0,0
LT34,2024-12-16,10,1.3409090909090908,1.3409090909090908,0,0
LT34,2024-12-16,20,1.1304347826086956,1.1304347826086956,0,0
LT34,2024-12-16,30,0.94,0.94,0,0
LT34,2024-12-16,40,0.9444444444444444,0.9444444444444444,0,0
LT34,2024-12-16,50,0.9285714285714284,0.9285714285714284,0,0
LT34,2024-12-16,60,0.819672131147541,0.819672131147541,0,0
LT34,2024-12-16,70,0.8,0.8,0,0
LT34,2024-12-16,80,0.8059701492537313,0.8059701492537313,0,0
LT34,2024-12-16,90,0.7536231884057972,0.7536231884057972,0,0
LT42,2024-12-16,10,8.314814814814815,8.314814814814815,0,0
LT42,2024-12-16,20,5.711538461538462,5.711538461538462,0,0
LT42,2024-12-16,30,4.416666666666667,4.416666666666667,0,0
LT42,2024-12-16,40,3.2941176470588234,3.2941176470588234,0,0
LT42,2024-12-16,50,2.6346153846153846,2.6346153846153846,0,0
LT42,2024-12-16,60,2.0350877192982457,2.0350877192982457,0,0
LT42,2024-12-16,70,1.7000000000000002,1.7000000000000002,0,0
LT42,2024-12-16,80,1.4603174603174605,1.4603174603174605,0,0
LT42,2024-12-16,90,1.28125,1.28125,0,0
LT43,2024-12-16,10,1.111111111111111,1.111111111111111,0,0
LT43,2024-12-16,20,1.4545454545454544,1.4545454545454544,0,0
LT43,2024-12-16,30,1.1282051282051282,1.1282051282051282,0,0
LT43,2024-12-16,40,0.82,0.82,0,0
LT43,2024-12-16,50,0.7454545454545454,0.7454545454545454,0,0
LT43,2024-12-16,60,0.7457627118644068,0.7457627118644068,0,0
LT43,2024-12-16,70,0.8135593220338984,0.8135593220338984,0,0
LT43,2024-12-16,80,0.7903225806451613,0.7903225806451613,0,0
LT43,2024-12-16,90,0.75,0.75,0,0
LT41,2024-12-16,10,0.2,0.2,0,0
LT41,2024-12-16,20,0.40816326530612246,0.40816326530612246,0,0
LT41,2024-12-16,30,0.6153846153846154,0.6153846153846154,0,0
LT41,2024-12-16,40,1.1153846153846152,1.1153846153846152,0,0
LT41,2024-12-16,50,1.4339622641509433,1.4339622641509433,0,0
LT41,2024-12-16,60,1.5357142857142856,1.5357142857142856,0,0
LT41,2024-12-16,70,1.6034482758620692,1.6034482758620692,0,0
LT41,2024-12-16,80,1.540983606557377,1.540983606557377,0,0
LT41,2024-12-16,90,1.34375,1.34375,0,0
LT44,2024-12-16,10,0.40909090909090906,0.40909090909090906,0,0
LT44,2024-12-16,20,0.5277777777777778,0.5277777777777778,0,0
LT44,2024-12-16,30,0.6666666666666667,0.6666666666666667,0,0
LT44,2024-12-16,40,0.8222222222222222,0.8222222222222222,0,0
LT44,2024-12-16,50,0.8076923076923076,0.8076923076923076,0,0
LT44,2024-12-16,60,0.7758620689655173,0.7758620689655173,0,0
LT44,2024-12-16,70,0.7704918032786885,0.7704918032786885,0,0
LT44,2024-12-16,80,0.7777777777777778,0.7777777777777778,0,0
LT44,2024-12-16,90,0.75,0.75,0,0
LT52,2024-12-16,10,0.3636363636363637,0.3636363636363637,0,0
LT52,2024-12-16,20,0.3666666666666667,0.3666666666666667,0,0
LT52,2024-12-16,30,0.41860465116279066,0.41860465116279066,0,0
LT52,2024-12-16,40,0.4791666666666667,0.4791666666666667,0,0
LT52,2024-12-16,50,0.5471698113207547,0.5471698113207547,0,0
LT52,2024-12-16,60,0.5892857142857143,0.5892857142857143,0,0
LT52,2024-12-16,70,0.6379310344827587,0.6379310344827587,0,0
LT52,2024-12-16,80,0.65,0.65,0,0
LT52,2024-12-16,90,0.639344262295082,0.639344262295082,0,0
LT53,2024-12-16,10,0.4545454545454546,0.4545454545454546,0,0
LT53,2024-12-16,20,0.6666666666666667,0.6666666666666667,0,0
LT53,2024-12-16,30,0.5660377358490566,0.5660377358490566,0,0
LT53,2024-12-16,40,0.5593220338983051,0.5593220338983051,0,0
LT53,2024-12-16,50,0.564516129032258,0.564516129032258,0,0
LT53,2024-12-16,60,0.5757575757575757,0.5757575757575757,0,0
LT53,2024-12-16,70,0.6176470588235293,0.6176470588235293,0,0
LT53,2024-12-16,80,0.6617647058823529,0.6617647058823529,0,0
LT53,2024-12-16,90,0.6376811594202899,0.6376811594202899,0,0
LT51,2024-12-16,10,0.5,0.5,0,0
LT51,2024-12-16,20,0.4473684210526316,0.4473684210526316,0,0
LT51,2024-12-16,30,0.4444444444444444,0.4444444444444444,0,0
LT51,2024-12-16,40,0.48333333333333334,0.48333333333333334,0,0
LT51,2024-12-16,50,0.5151515151515151,0.5151515151515151,0,0
LT51,2024-12-16,60,0.6376811594202899,0.6376811594202899,0,0
LT51,2024-12-16,70,0.7611940298507462,0.7611940298507462,0,0
LT51,2024-12-16,80,0.8088235294117647,0.8088235294117647,0,0
LT51,2024-12-16,90,0.7761194029850746,0.7761194029850746,0,0
LT54,2024-12-16,10,0.625,0.625,0,0
LT54,2024-12-16,20,1.75,1.75,0,0
LT54,2024-12-16,30,1.7708333333333333,1.7708333333333333,0,0
LT54,2024-12-16,40,1.607142857142857,1.607142857142857,0,0
LT54,2024-12-16,50,1.4745762711864407,1.4745762711864407,0,0
LT54,2024-12-16,60,1.4666666666666668,1.4666666666666668,0,0
LT54,2024-12-16,70,1.403225806451613,1.403225806451613,0,0
LT54,2024-12-16,80,1.34375,1.34375,0,0
LT54,2024-12-16,90,1.265625,1.265625,0,0
LT62,2024-12-16,10,0.35000000000000003,0.35000000000000003,0,0
LT62,2024-12-16,20,0.3870967741935484,0.3870967741935484,0,0
LT62,2024-12-16,30,0.33333333333333337,0.33333333333333337,0,0
LT62,2024-12-16,40,0.3548387096774194,0.3548387096774194,0,0
LT62,2024-12-16,50,0.4153846153846154,0.4153846153846154,0,0
LT62,2024-12-16,60,0.45588235294117646,0.45588235294117646,0,0
LT62,2024-12-16,70,0.5223880597014925,0.5223880597014925,0,0
LT62,2024-12-16,80,0.5671641791044776,0.5671641791044776,0,0
LT62,2024-12-16,90,0.5671641791044776,0.5671641791044776,0,0
LT63,2024-12-16,10,0.7083333333333334,0.7083333333333334,0,0
LT63,2024-12-16,20,0.5952380952380952,0.5952380952380952,0,0
LT63,2024-12-16,30,0.5555555555555555,0.5555555555555555,0,0
LT63,2024-12-16,40,0.6545454545454544,0.6545454545454544,0,0
LT63,2024-12-16,50,0.7818181818181817,0.7818181818181817,0,0
LT63,2024-12-16,60,0.7894736842105264,0.7894736842105264,0,0
LT63,2024-12-16,70,0.7796610169491526,0.7796610169491526,0,0
LT63,2024-12-16,80,0.7966101694915254,0.7966101694915254,0,0
LT63,2024-12-16,90,0.7796610169491526,0.7796610169491526,0,0
LT61,2024-12-16,10,0.3548387096774194,0.3548387096774194,0,0
LT61,2024-12-16,20,0.4,0.4,0,0
LT61,2024-12-16,30,0.5217391304347826,0.5217391304347826,0,0
LT61,2024-12-16,40,0.6153846153846154,0.6153846153846154,0,0
LT61,2024-12-16,50,0.7090909090909091,0.7090909090909091,0,0
LT61,2024-12-16,60,0.6833333333333333,0.6833333333333333,0,0
LT61,2024-12-16,70,0.6825396825396826,0.6825396825396826,0,0
LT61,2024-12-16,80,0.7460317460317459,0.7460317460317459,0,0
LT61,2024-12-16,90,0.7301587301587302,0.7301587301587302,0,0
LT64,2024-12-16,10,3.4285714285714284,3.4285714285714284,0,0
LT64,2024-12-16,20,3.4615384615384617,3.4615384615384617,0,0
LT64,2024-12-16,30,3.4333333333333336,3.4333333333333336,0,0
LT64,2024-12-16,40,3.0000000000000004,3.0000000000000004,0,0
LT64,2024-12-16,50,2.9302325581395348,2.9302325581395348,0,0
LT64,2024-12-16,60,2.6470588235294117,2.6470588235294117,0,0
LT64,2024-12-16,70,2.527272727272727,2.527272727272727,0,0
LT64,2024-12-16,80,2.3333333333333335,2.3333333333333335,0,0
LT64,2024-12-16,90,2.070175438596491,2.070175438596491,0,0
