ID,date,endVZA,LAI_LXG1,baseline_LAI,LAI_LXG1_nowood
LT12,2024-09-20,10,5.282608695652174,7.08,0
LT12,2024-09-20,20,5.902439024390244,6.707317073170732,0
LT12,2024-09-20,30,4.7727272727272725,5.142857142857143,0
LT12,2024-09-20,40,4.333333333333333,3.6511627906976747,0.6821705426356584
LT12,2024-09-20,50,3.7833333333333337,2.7727272727272725,1.0106060606060612
LT12,2024-09-20,60,3.5538461538461537,2.1063829787234045,1.4474631751227491
LT12,2024-09-20,70,3.3188405797101455,1.7058823529411764,1.612958226768969
LT12,2024-09-20,80,3.0714285714285716,1.3859649122807018,1.6854636591478698
LT12,2024-09-20,90,2.581081081081081,1.180327868852459,1.4007532122286221
LT14,2024-09-20,10,8.627118644067798,0.41935483870967744,8.20776380535812
LT14,2024-09-20,20,6.688524590163935,0.42857142857142855,6.259953161592506
LT14,2024-09-20,30,5.920634920634921,0.5,5.420634920634921
LT14,2024-09-20,40,5.626865671641791,0.4909090909090909,5.1359565807326995
LT14,2024-09-20,50,5.191176470588235,0.4736842105263159,4.717492260061919
LT14,2024-09-20,60,4.638888888888889,0.5178571428571428,4.121031746031747
LT14,2024-09-20,70,4.220779220779221,0.5555555555555555,3.6652236652236656
LT14,2024-09-20,80,3.846153846153846,0.6470588235294117,3.199095022624434
LT14,2024-09-20,90,3.3717948717948714,0.6575342465753424,2.714260625219529
LT13,2024-09-20,10,5.76,0.47826086956521735,5.281739130434782
LT13,2024-09-20,20,5.270833333333333,0.3863636363636364,4.884469696969696
LT13,2024-09-20,30,4.175438596491229,0.4074074074074074,3.768031189083821
LT13,2024-09-20,40,3.9848484848484844,0.4655172413793104,3.519331243469174
LT13,2024-09-20,50,4.0144927536231885,0.4444444444444445,3.570048309178744
LT13,2024-09-20,60,3.8450704225352115,0.47619047619047616,3.368879946344735
LT13,2024-09-20,70,3.3947368421052633,0.5573770491803279,2.8373597929249352
LT13,2024-09-20,80,3.090909090909091,0.6,2.4909090909090907
LT13,2024-09-20,90,2.705128205128205,0.5873015873015873,2.1178266178266174
LT11,2024-09-20,10,9.957142857142857,0.6756756756756757,9.281467181467182
LT11,2024-09-20,20,7.253521126760564,0.5853658536585366,6.668155273102028
LT11,2024-09-20,30,5.782608695652175,0.68,5.102608695652175
LT11,2024-09-20,40,4.690140845070423,0.7843137254901961,3.905827119580227
LT11,2024-09-20,50,4.507462686567164,0.7758620689655173,3.731600617601647
LT11,2024-09-20,60,4.164179104477611,0.8360655737704918,3.3281135307071192
LT11,2024-09-20,70,3.8260869565217397,0.8615384615384616,2.964548494983278
LT11,2024-09-20,80,3.422535211267606,0.8923076923076922,2.5302275189599137
LT11,2024-09-20,90,2.9452054794520546,0.8208955223880597,2.124309957063995
LT22,2024-09-20,10,9.142857142857144,5.024390243902439,4.118466898954705
LT22,2024-09-20,20,6.636363636363636,4.605263157894737,2.0311004784688986
LT22,2024-09-20,30,5.476190476190476,3.75,1.7261904761904763
LT22,2024-09-20,40,4.838235294117647,3.325,1.5132352941176466
LT22,2024-09-20,50,4.309859154929578,2.697674418604651,1.6121847363249269
LT22,2024-09-20,60,4.183098591549296,2.2666666666666666,1.9164319248826294
LT22,2024-09-20,70,3.733333333333333,1.7884615384615385,1.9448717948717944
LT22,2024-09-20,80,3.5263157894736845,1.5357142857142856,1.990601503759399
LT22,2024-09-20,90,3.0384615384615383,1.3166666666666669,1.7217948717948715
LT24,2024-09-20,10,7.3076923076923075,0.65,6.657692307692307
LT24,2024-09-20,20,6.523809523809525,0.6666666666666666,5.857142857142858
LT24,2024-09-20,30,5.685714285714286,0.627906976744186,5.0578073089701
LT24,2024-09-20,40,5.108108108108108,0.6,4.508108108108108
LT24,2024-09-20,50,4.6923076923076925,0.7450980392156863,3.947209653092006
LT24,2024-09-20,60,4.085365853658537,0.7962962962962963,3.289069557362241
LT24,2024-09-20,70,3.746987951807229,0.7586206896551725,2.9883672621520563
LT24,2024-09-20,80,3.380952380952381,0.7704918032786885,2.6104605776736927
LT24,2024-09-20,90,2.988095238095238,0.7460317460317459,2.242063492063492
LT23,2024-09-20,10,5.203703703703703,0.7999999999999999,4.4037037037037035
LT23,2024-09-20,20,5.704918032786885,0.7419354838709677,4.962982548915917
LT23,2024-09-20,30,5.453125,0.5853658536585366,4.867759146341464
LT23,2024-09-20,40,4.714285714285714,0.5625000000000001,4.151785714285714
LT23,2024-09-20,50,4.3999999999999995,0.5283018867924528,3.8716981132075468
LT23,2024-09-20,60,4.039473684210526,0.5263157894736842,3.5131578947368416
LT23,2024-09-20,70,3.6410256410256405,0.6071428571428571,3.0338827838827833
LT23,2024-09-20,80,3.2375,0.6440677966101696,2.5934322033898303
LT23,2024-09-20,90,2.8170731707317076,0.6290322580645161,2.1880409126671916
LT21,2024-09-20,10,9.72289156626506,3.5000000000000004,6.22289156626506
LT21,2024-09-20,20,7.619718309859156,3.096774193548387,4.522944116310769
LT21,2024-09-20,30,6.283783783783784,2.428571428571429,3.8552123552123554
LT21,2024-09-20,40,5.6438356164383565,1.8571428571428572,3.7866927592954993
LT21,2024-09-20,50,5.038961038961038,1.711111111111111,3.327849927849927
LT21,2024-09-20,60,4.576923076923077,1.52,3.0569230769230766
LT21,2024-09-20,70,4.207792207792208,1.490566037735849,2.717226170056359
LT21,2024-09-20,80,3.769230769230769,1.3620689655172415,2.4071618037135276
LT21,2024-09-20,90,3.2658227848101267,1.1935483870967742,2.072274397713352
LT32,2024-09-20,10,5.052631578947368,5.170731707317073,0
LT32,2024-09-20,20,5.280701754385965,5.5576923076923075,0
LT32,2024-09-20,30,5.074626865671641,4.979166666666667,0.09546019900497438
LT32,2024-09-20,40,5.061538461538461,4.081632653061225,0.9799058084772367
LT32,2024-09-20,50,4.428571428571429,3.056603773584906,1.371967654986523
LT32,2024-09-20,60,4.083333333333333,2.4727272727272727,1.6106060606060604
LT32,2024-09-20,70,3.736111111111111,1.966101694915254,1.770009416195857
LT32,2024-09-20,80,3.3200000000000003,1.59375,1.7262500000000003
LT32,2024-09-20,90,2.871794871794872,1.338235294117647,1.5335595776772248
LT34,2024-09-20,10,9.897058823529411,1.3409090909090908,8.55614973262032
LT34,2024-09-20,20,7.205882352941177,1.1304347826086956,6.075447570332481
LT34,2024-09-20,30,6.582089552238806,0.94,5.642089552238806
LT34,2024-09-20,40,5.700000000000001,0.9444444444444444,4.755555555555556
LT34,2024-09-20,50,4.95945945945946,0.9285714285714285,4.030888030888031
LT34,2024-09-20,60,4.4935064935064934,0.819672131147541,3.6738343623589524
LT34,2024-09-20,70,4.1410256410256405,0.8,3.3410256410256407
LT34,2024-09-20,80,3.7948717948717947,0.8059701492537313,2.9889016456180633
LT34,2024-09-20,90,3.291139240506329,0.7536231884057972,2.5375160521005315
LT33,2024-09-20,10,10.579710144927537,0.5652173913043478,10.01449275362319
LT33,2024-09-20,20,7.044117647058823,0.4571428571428572,6.586974789915966
LT33,2024-09-20,30,5.76056338028169,0.5333333333333333,5.227230046948357
LT33,2024-09-20,40,5.260273972602739,0.6875000000000001,4.572773972602739
LT33,2024-09-20,50,4.8493150684931505,0.6666666666666666,4.182648401826484
LT33,2024-09-20,60,4.391891891891892,0.6271186440677966,3.7647732478240954
LT33,2024-09-20,70,3.8974358974358974,0.6949152542372882,3.2025206431986093
LT33,2024-09-20,80,3.5061728395061724,0.7377049180327869,2.7684679214733854
LT33,2024-09-20,90,3.098765432098765,0.7142857142857143,2.3844797178130506
LT31,2024-09-20,10,8.774193548387098,1.0588235294117647,7.715370018975333
LT31,2024-09-20,20,6.783333333333334,1.0196078431372548,5.763725490196079
LT31,2024-09-20,30,5.852941176470588,1.2448979591836735,4.608043217286914
LT31,2024-09-20,40,5.586666666666667,1.1923076923076923,4.394358974358974
LT31,2024-09-20,50,5.24,1.0517241379310345,4.1882758620689655
LT31,2024-09-20,60,4.947368421052631,1.15,3.797368421052631
LT31,2024-09-20,70,4.467532467532467,1.2833333333333334,3.184199134199134
LT31,2024-09-20,80,4.078947368421053,1.2153846153846155,2.8635627530364376
LT31,2024-09-20,90,3.5064935064935066,1.121212121212121,2.3852813852813854
LT42,2024-09-20,10,4.854166666666667,8.314814814814815,0
LT42,2024-09-20,20,4.18,5.711538461538462,0
LT42,2024-09-20,30,3.7592592592592586,4.416666666666667,0
LT42,2024-09-20,40,3.55,3.2941176470588234,0.25588235294117645
LT42,2024-09-20,50,3.454545454545454,2.6346153846153846,0.8199300699300696
LT42,2024-09-20,60,3.3134328358208958,2.0350877192982457,1.27834511652265
LT42,2024-09-20,70,3.028169014084507,1.7000000000000002,1.3281690140845068
LT42,2024-09-20,80,2.756756756756757,1.4603174603174605,1.2964392964392966
LT42,2024-09-20,90,2.44,1.28125,1.15875
LT43,2024-09-20,10,8.053333333333333,1.111111111111111,6.942222222222222
LT43,2024-09-20,20,6.492957746478874,1.4545454545454544,5.03841229193342
LT43,2024-09-20,30,5.342857142857143,1.1282051282051282,4.214652014652016
LT43,2024-09-20,40,4.835616438356165,0.82,4.015616438356164
LT43,2024-09-20,50,4.473684210526316,0.7454545454545454,3.728229665071771
LT43,2024-09-20,60,4.025974025974026,0.7457627118644068,3.2802113141096196
LT43,2024-09-20,70,3.567901234567901,0.8135593220338984,2.7543419125340027
LT43,2024-09-20,80,3.2839506172839505,0.7903225806451613,2.493628036638789
LT43,2024-09-20,90,2.8658536585365857,0.75,2.1158536585365857
LT44,2024-09-20,10,5.82051282051282,0.40909090909090906,5.411421911421911
LT44,2024-09-20,20,6.045454545454546,0.5277777777777778,5.517676767676768
LT44,2024-09-20,30,5.397058823529411,0.6666666666666667,4.730392156862744
LT44,2024-09-20,40,4.918918918918919,0.8222222222222222,4.096696696696697
LT44,2024-09-20,50,4.4743589743589745,0.8076923076923076,3.666666666666667
LT44,2024-09-20,60,4.166666666666667,0.7758620689655173,3.3908045977011496
LT44,2024-09-20,70,3.973684210526316,0.7704918032786885,3.203192407247627
LT44,2024-09-20,80,3.55,0.7777777777777778,2.772222222222222
LT44,2024-09-20,90,3.15,0.75,2.4
LT41,2024-09-20,10,5.551724137931036,0.19999999999999998,5.351724137931035
LT41,2024-09-20,20,5.771428571428572,0.40816326530612246,5.36326530612245
LT41,2024-09-20,30,5.662162162162163,0.6153846153846154,5.046777546777548
LT41,2024-09-20,40,5.2,1.1153846153846152,4.084615384615385
LT41,2024-09-20,50,5.1066666666666665,1.4339622641509433,3.6727044025157234
LT41,2024-09-20,60,4.615384615384615,1.5357142857142856,3.0796703296703294
LT41,2024-09-20,70,4.2749999999999995,1.6034482758620692,2.67155172413793
LT41,2024-09-20,80,3.878048780487805,1.540983606557377,2.3370651739304282
LT41,2024-09-20,90,3.36144578313253,1.34375,2.01769578313253
LT53,2024-09-20,10,8.92,0.4545454545454546,8.465454545454545
LT53,2024-09-20,20,6.016666666666667,0.6666666666666667,5.35
LT53,2024-09-20,30,6.390625,0.5660377358490566,5.824587264150943
LT53,2024-09-20,40,5.633802816901409,0.5593220338983051,5.074480783003104
LT53,2024-09-20,50,4.906666666666667,0.564516129032258,4.342150537634409
LT53,2024-09-20,60,4.394736842105263,0.5757575757575757,3.818979266347687
LT53,2024-09-20,70,3.8374999999999995,0.6176470588235293,3.21985294117647
LT53,2024-09-20,80,3.4625,0.6617647058823529,2.800735294117647
LT53,2024-09-20,90,3.05,0.6376811594202899,2.41231884057971
LT54,2024-09-20,10,5.148148148148147,0.625,4.523148148148147
LT54,2024-09-20,20,5.629032258064517,1.75,3.879032258064517
LT54,2024-09-20,30,6.014925373134329,1.7708333333333333,4.244092039800996
LT54,2024-09-20,40,5.8507462686567155,1.607142857142857,4.243603411513859
LT54,2024-09-20,50,5.183098591549296,1.4745762711864407,3.7085223203628552
LT54,2024-09-20,60,4.821917808219178,1.4666666666666668,3.355251141552511
LT54,2024-09-20,70,4.493333333333333,1.403225806451613,3.09010752688172
LT54,2024-09-20,80,4.077922077922078,1.34375,2.7341720779220777
LT54,2024-09-20,90,3.5124999999999997,1.265625,2.2468749999999997
LT52,2024-09-20,10,4.035714285714285,0.36363636363636365,3.672077922077921
LT52,2024-09-20,20,4.791666666666667,0.3666666666666667,4.425000000000001
LT52,2024-09-20,30,4.5200000000000005,0.41860465116279066,4.10139534883721
LT52,2024-09-20,40,4.1866666666666665,0.4791666666666667,3.7075
LT52,2024-09-20,50,4,0.5471698113207547,3.452830188679245
LT52,2024-09-20,60,3.8108108108108105,0.5892857142857143,3.221525096525096
LT52,2024-09-20,70,3.4605263157894735,0.6379310344827587,2.8225952813067146
LT52,2024-09-20,80,3.102564102564102,0.65,2.4525641025641023
LT52,2024-09-20,90,2.7272727272727275,0.639344262295082,2.0879284649776455
LT51,2024-09-20,10,7.063492063492064,0.5,6.563492063492064
LT51,2024-09-20,20,5.666666666666667,0.4473684210526316,5.219298245614035
LT51,2024-09-20,30,5.0144927536231885,0.4444444444444444,4.570048309178744
LT51,2024-09-20,40,4.7,0.48333333333333334,4.216666666666667
LT51,2024-09-20,50,4.514285714285715,0.5151515151515151,3.9991341991342
LT51,2024-09-20,60,4.225352112676057,0.6376811594202899,3.587670953255767
LT51,2024-09-20,70,3.9861111111111116,0.7611940298507462,3.224917081260365
LT51,2024-09-20,80,3.5270270270270268,0.8088235294117647,2.718203497615262
LT51,2024-09-20,90,3.121621621621622,0.7761194029850746,2.3455022186365473
LT63,2024-09-20,10,6,0.7083333333333334,5.291666666666667
LT63,2024-09-20,20,5.516129032258064,0.5952380952380952,4.920890937019969
LT63,2024-09-20,30,4.838235294117647,0.5555555555555555,4.282679738562091
LT63,2024-09-20,40,4.720588235294117,0.6545454545454544,4.0660427807486625
LT63,2024-09-20,50,4.352112676056338,0.7818181818181817,3.5702944942381563
LT63,2024-09-20,60,4.056338028169014,0.7894736842105264,3.2668643439584875
LT63,2024-09-20,70,3.782608695652174,0.7796610169491526,3.002947678703021
LT63,2024-09-20,80,3.4925373134328352,0.7966101694915254,2.6959271439413097
LT63,2024-09-20,90,2.9571428571428573,0.7796610169491526,2.1774818401937046
LT62,2024-09-20,10,7.717391304347825,0.35000000000000003,7.367391304347826
LT62,2024-09-20,20,5.529411764705882,0.3870967741935484,5.142314990512334
LT62,2024-09-20,30,5.693548387096774,0.33333333333333337,5.360215053763441
LT62,2024-09-20,40,4.8493150684931505,0.3548387096774194,4.4944763588157315
LT62,2024-09-20,50,4.337662337662337,0.4153846153846154,3.922277722277722
LT62,2024-09-20,60,3.7974683544303796,0.45588235294117646,3.341586001489203
LT62,2024-09-20,70,3.4250000000000003,0.5223880597014925,2.9026119402985078
LT62,2024-09-20,80,3.1923076923076925,0.5671641791044776,2.625143513203215
LT62,2024-09-20,90,2.8076923076923075,0.5671641791044776,2.24052812858783
LT64,2024-09-20,10,5.358974358974359,3.4285714285714284,1.9304029304029302
LT64,2024-09-20,20,6.763636363636364,3.4615384615384617,3.302097902097902
LT64,2024-09-20,30,6.123076923076923,3.4333333333333336,2.689743589743589
LT64,2024-09-20,40,5.338028169014085,3.0000000000000004,2.3380281690140845
LT64,2024-09-20,50,5.056338028169014,2.9302325581395348,2.1261054700294792
LT64,2024-09-20,60,4.756756756756757,2.6470588235294117,2.1096979332273453
LT64,2024-09-20,70,4.546666666666667,2.527272727272727,2.01939393939394
LT64,2024-09-20,80,4.123287671232877,2.3333333333333335,1.7899543378995433
LT64,2024-09-20,90,3.602739726027397,2.0701754385964914,1.5325642874309056
LT61,2024-09-20,10,6.74,0.3548387096774194,6.385161290322581
LT61,2024-09-20,20,6.076923076923077,0.39999999999999997,5.676923076923076
LT61,2024-09-20,30,5.478260869565218,0.5217391304347826,4.9565217391304355
LT61,2024-09-20,40,4.890410958904109,0.6153846153846154,4.275026343519494
LT61,2024-09-20,50,4.215189873417722,0.7090909090909091,3.506098964326813
LT61,2024-09-20,60,3.8607594936708858,0.6833333333333333,3.1774261603375527
LT61,2024-09-20,70,3.538461538461538,0.6825396825396826,2.8559218559218555
LT61,2024-09-20,80,3.289473684210526,0.7460317460317459,2.54344193817878
LT61,2024-09-20,90,2.818181818181818,0.7301587301587302,2.0880230880230877
LT13,2024-09-30,10,6.041666666666667,0.47826086956521735,5.563405797101449
LT13,2024-09-30,20,4.78,0.3863636363636364,4.393636363636364
LT13,2024-09-30,30,4.169491525423729,0.4074074074074074,3.762084118016322
LT13,2024-09-30,40,4.046875,0.4655172413793104,3.5813577586206895
LT13,2024-09-30,50,3.876923076923077,0.4444444444444445,3.4324786324786323
LT13,2024-09-30,60,3.609375,0.47619047619047616,3.1331845238095237
LT13,2024-09-30,70,3.276923076923077,0.5573770491803279,2.719546027742749
LT13,2024-09-30,80,2.867647058823529,0.6,2.267647058823529
LT13,2024-09-30,90,2.4714285714285715,0.5873015873015873,1.884126984126984
LT12,2024-09-30,10,4.957446808510639,7.08,0
LT12,2024-09-30,20,5.238095238095239,6.707317073170732,0
LT12,2024-09-30,30,4.297872340425532,5.142857142857143,0
LT12,2024-09-30,40,3.7321428571428563,3.6511627906976747,0.08098006644518163
LT12,2024-09-30,50,3.4687500000000004,2.7727272727272725,0.696022727272728
LT12,2024-09-30,60,3.176470588235294,2.1063829787234045,1.0700876095118894
LT12,2024-09-30,70,2.9857142857142858,1.7058823529411764,1.2798319327731094
LT12,2024-09-30,80,2.6986301369863015,1.3859649122807018,1.3126652247055997
LT12,2024-09-30,90,2.410958904109589,1.180327868852459,1.23063103525713
LT14,2024-09-30,10,6.615384615384615,0.41935483870967744,6.196029776674938
LT14,2024-09-30,20,5.745454545454545,0.42857142857142855,5.316883116883116
LT14,2024-09-30,30,5.305084745762712,0.5,4.805084745762712
LT14,2024-09-30,40,4.909090909090909,0.4909090909090909,4.418181818181818
LT14,2024-09-30,50,4.661764705882352,0.4736842105263159,4.188080495356036
LT14,2024-09-30,60,4.338235294117647,0.5178571428571428,3.820378151260504
LT14,2024-09-30,70,3.943661971830986,0.5555555555555555,3.3881064162754306
LT14,2024-09-30,80,3.554054054054054,0.6470588235294117,2.9069952305246423
LT14,2024-09-30,90,3.121621621621622,0.6575342465753424,2.4640873750462795
LT11,2024-09-30,10,10.01470588235294,0.6756756756756757,9.339030206677265
LT11,2024-09-30,20,7.1692307692307695,0.5853658536585366,6.583864915572233
LT11,2024-09-30,30,5.384615384615384,0.68,4.704615384615384
LT11,2024-09-30,40,4.376811594202899,0.7843137254901961,3.5924978687127034
LT11,2024-09-30,50,4.057142857142857,0.7758620689655173,3.2812807881773396
LT11,2024-09-30,60,3.6,0.8360655737704918,2.7639344262295085
LT11,2024-09-30,70,3.3116883116883113,0.8615384615384616,2.4501498501498498
LT11,2024-09-30,80,3.102564102564102,0.8923076923076922,2.21025641025641
LT11,2024-09-30,90,2.7468354430379747,0.8208955223880597,1.925939920649915
LT23,2024-09-30,10,5.153846153846154,0.7999999999999999,4.353846153846154
LT23,2024-09-30,20,4.75,0.7419354838709677,4.008064516129032
LT23,2024-09-30,30,4.39344262295082,0.5853658536585366,3.8080767692922834
LT23,2024-09-30,40,4.109375,0.5625000000000001,3.546875
LT23,2024-09-30,50,3.830769230769231,0.5283018867924528,3.302467343976778
LT23,2024-09-30,60,3.5303030303030303,0.5263157894736842,3.003987240829346
LT23,2024-09-30,70,3.1884057971014497,0.6071428571428571,2.5812629399585925
LT23,2024-09-30,80,2.875,0.6440677966101696,2.2309322033898304
LT23,2024-09-30,90,2.5,0.6290322580645161,1.870967741935484
LT22,2024-09-30,10,6.720588235294118,5.024390243902439,1.6961979913916787
LT22,2024-09-30,20,5.508196721311475,4.605263157894737,0.9029335634167381
LT22,2024-09-30,30,4.576271186440678,3.75,0.8262711864406782
LT22,2024-09-30,40,3.7536231884057973,3.325,0.42862318840579716
LT22,2024-09-30,50,3.3333333333333335,2.697674418604651,0.6356589147286824
LT22,2024-09-30,60,3.2777777777777777,2.2666666666666666,1.011111111111111
LT22,2024-09-30,70,3.0945945945945947,1.7884615384615385,1.3061330561330562
LT22,2024-09-30,80,3.041095890410959,1.5357142857142856,1.5053816046966735
LT22,2024-09-30,90,2.644736842105263,1.3166666666666669,1.328070175438596
LT21,2024-09-30,10,7.527777777777778,3.5000000000000004,4.027777777777777
LT21,2024-09-30,20,5.257575757575758,3.096774193548387,2.160801564027371
LT21,2024-09-30,30,4.314285714285715,2.428571428571429,1.8857142857142861
LT21,2024-09-30,40,3.9577464788732395,1.8571428571428572,2.1006036217303823
LT21,2024-09-30,50,3.9014084507042255,1.711111111111111,2.1902973395931147
LT21,2024-09-30,60,3.52,1.52,2
LT21,2024-09-30,70,3.3783783783783785,1.490566037735849,1.8878123406425296
LT21,2024-09-30,80,3.118421052631579,1.3620689655172415,1.7563520871143377
LT21,2024-09-30,90,2.8157894736842106,1.1935483870967742,1.6222410865874364
LT24,2024-09-30,10,6.163265306122449,0.65,5.513265306122449
LT24,2024-09-30,20,6,0.6666666666666666,5.333333333333333
LT24,2024-09-30,30,5.472222222222222,0.627906976744186,4.844315245478036
LT24,2024-09-30,40,4.819444444444445,0.6,4.219444444444445
LT24,2024-09-30,50,4.753623188405797,0.7450980392156863,4.008525149190111
LT24,2024-09-30,60,4.246376811594203,0.7962962962962963,3.450080515297907
LT24,2024-09-30,70,3.8309859154929584,0.7586206896551725,3.072365225837786
LT24,2024-09-30,80,3.4246575342465753,0.7704918032786885,2.654165730967887
LT24,2024-09-30,90,2.986301369863014,0.7460317460317459,2.240269623831268
LT33,2024-09-30,10,7.249999999999998,0.5652173913043478,6.6847826086956506
LT33,2024-09-30,20,5.421875,0.4571428571428572,4.964732142857143
LT33,2024-09-30,30,4.211267605633803,0.5333333333333333,3.6779342723004698
LT33,2024-09-30,40,3.657894736842105,0.6875000000000001,2.970394736842105
LT33,2024-09-30,50,3.447368421052632,0.6666666666666666,2.7807017543859653
LT33,2024-09-30,60,3.1688311688311686,0.6271186440677966,2.541712524763372
LT33,2024-09-30,70,2.9012345679012346,0.6949152542372882,2.2063193136639465
LT33,2024-09-30,80,2.734939759036145,0.7377049180327869,1.9972348410033578
LT33,2024-09-30,90,2.4404761904761902,0.7142857142857143,1.7261904761904758
LT32,2024-09-30,10,3,5.170731707317073,0
LT32,2024-09-30,20,4.415094339622641,5.5576923076923075,0
LT32,2024-09-30,30,3.5714285714285716,4.979166666666667,0
LT32,2024-09-30,40,3.2388059701492535,4.081632653061225,0
LT32,2024-09-30,50,3.1142857142857148,3.056603773584906,0.0576819407008089
LT32,2024-09-30,60,2.717948717948718,2.4727272727272727,0.2452214452214454
LT32,2024-09-30,70,2.5822784810126582,1.966101694915254,0.6161767860974041
LT32,2024-09-30,80,2.4749999999999996,1.59375,0.8812499999999996
LT32,2024-09-30,90,2.2624999999999997,1.338235294117647,0.9242647058823528
LT34,2024-09-30,10,9.373134328358208,1.3409090909090908,8.032225237449119
LT34,2024-09-30,20,6.046153846153846,1.1304347826086956,4.915719063545151
LT34,2024-09-30,30,5.196969696969697,0.94,4.256969696969698
LT34,2024-09-30,40,4.552238805970148,0.9444444444444444,3.6077943615257038
LT34,2024-09-30,50,4.042857142857144,0.9285714285714285,3.114285714285715
LT34,2024-09-30,60,3.73972602739726,0.819672131147541,2.920053896249719
LT34,2024-09-30,70,3.6388888888888893,0.8,2.8388888888888895
LT34,2024-09-30,80,3.3561643835616444,0.8059701492537313,2.550194234307913
LT34,2024-09-30,90,2.945945945945946,0.7536231884057972,2.1923227575401487
LT31,2024-09-30,10,6.914285714285715,1.0588235294117647,5.85546218487395
LT31,2024-09-30,20,4.4603174603174605,1.0196078431372548,3.4407096171802056
LT31,2024-09-30,30,4,1.2448979591836735,2.7551020408163263
LT31,2024-09-30,40,3.8513513513513513,1.1923076923076923,2.6590436590436592
LT31,2024-09-30,50,3.7066666666666666,1.0517241379310345,2.6549425287356323
LT31,2024-09-30,60,3.6538461538461537,1.15,2.503846153846154
LT31,2024-09-30,70,3.4567901234567895,1.2833333333333334,2.1734567901234563
LT31,2024-09-30,80,3.4155844155844153,1.2153846153846155,2.2001998001997998
LT31,2024-09-30,90,2.974358974358974,1.121212121212121,1.853146853146853
LT43,2024-09-30,10,7.538461538461538,1.111111111111111,6.427350427350428
LT43,2024-09-30,20,6,1.4545454545454544,4.545454545454546
LT43,2024-09-30,30,4.939393939393939,1.1282051282051282,3.8111888111888104
LT43,2024-09-30,40,4.130434782608696,0.82,3.3104347826086964
LT43,2024-09-30,50,3.757142857142857,0.7454545454545454,3.011688311688312
LT43,2024-09-30,60,3.394366197183099,0.7457627118644068,2.6486034853186924
LT43,2024-09-30,70,3.095890410958904,0.8135593220338984,2.2823310889250057
LT43,2024-09-30,80,2.8266666666666667,0.7903225806451613,2.036344086021505
LT43,2024-09-30,90,2.4050632911392404,0.75,1.6550632911392404
LT42,2024-09-30,10,5.551020408163266,8.314814814814815,0
LT42,2024-09-30,20,4.326530612244898,5.711538461538462,0
LT42,2024-09-30,30,3.2758620689655173,4.416666666666667,0
LT42,2024-09-30,40,3.090909090909091,3.2941176470588234,0
LT42,2024-09-30,50,2.943661971830986,2.6346153846153846,0.3090465872156014
LT42,2024-09-30,60,2.7916666666666665,2.0350877192982457,0.7565789473684208
LT42,2024-09-30,70,2.684931506849315,1.7000000000000002,0.984931506849315
LT42,2024-09-30,80,2.5405405405405403,1.4603174603174605,1.08022308022308
LT42,2024-09-30,90,2.236842105263158,1.28125,0.955592105263158
LT44,2024-09-30,10,4.322580645161291,0.40909090909090906,3.9134897360703818
LT44,2024-09-30,20,3.895522388059701,0.5277777777777778,3.3677446102819233
LT44,2024-09-30,30,3.585714285714286,0.6666666666666667,2.9190476190476193
LT44,2024-09-30,40,3.704225352112676,0.8222222222222222,2.882003129890454
LT44,2024-09-30,50,3.5263157894736845,0.8076923076923076,2.718623481781377
LT44,2024-09-30,60,3.4133333333333336,0.7758620689655173,2.637471264367816
LT44,2024-09-30,70,3.2207792207792205,0.7704918032786885,2.4502874175005322
LT44,2024-09-30,80,3.0379746835443036,0.7777777777777778,2.260196905766526
LT44,2024-09-30,90,2.7341772151898733,0.75,1.9841772151898733
LT41,2024-09-30,10,3.728813559322034,0.19999999999999998,3.528813559322034
LT41,2024-09-30,20,4.463768115942029,0.40816326530612246,4.055604850635907
LT41,2024-09-30,30,4.571428571428572,0.6153846153846154,3.9560439560439566
LT41,2024-09-30,40,4.338028169014085,1.1153846153846152,3.22264355362947
LT41,2024-09-30,50,4.305555555555556,1.4339622641509433,2.871593291404613
LT41,2024-09-30,60,4.054794520547945,1.5357142857142856,2.51908023483366
LT41,2024-09-30,70,3.688311688311688,1.6034482758620692,2.084863412449619
LT41,2024-09-30,80,3.423076923076923,1.540983606557377,1.882093316519546
LT41,2024-09-30,90,2.925925925925926,1.34375,1.582175925925926
LT53,2024-09-30,10,7.0249999999999995,0.4545454545454546,6.570454545454545
LT53,2024-09-30,20,4.927272727272727,0.6666666666666667,4.26060606060606
LT53,2024-09-30,30,4.650793650793651,0.5660377358490566,4.084755914944594
LT53,2024-09-30,40,4.128571428571429,0.5593220338983051,3.5692493946731236
LT53,2024-09-30,50,3.6,0.564516129032258,3.035483870967742
LT53,2024-09-30,60,3.1999999999999997,0.5757575757575757,2.624242424242424
LT53,2024-09-30,70,3,0.6176470588235293,2.3823529411764706
LT53,2024-09-30,80,2.738095238095238,0.6617647058823529,2.0763305322128853
LT53,2024-09-30,90,2.464285714285714,0.6376811594202899,1.826604554865424
LT52,2024-09-30,10,2.652173913043478,0.36363636363636365,2.2885375494071143
LT52,2024-09-30,20,2.698412698412698,0.3666666666666667,2.3317460317460315
LT52,2024-09-30,30,2.5,0.41860465116279066,2.0813953488372094
LT52,2024-09-30,40,2.6,0.4791666666666667,2.1208333333333336
LT52,2024-09-30,50,2.5405405405405403,0.5471698113207547,1.9933707292197855
LT52,2024-09-30,60,2.5324675324675323,0.5892857142857143,1.943181818181818
LT52,2024-09-30,70,2.4683544303797467,0.6379310344827587,1.830423395896988
LT52,2024-09-30,80,2.3048780487804876,0.65,1.6548780487804877
LT52,2024-09-30,90,2.0853658536585367,0.639344262295082,1.4460215913634547
LT54,2024-09-30,10,2.759259259259259,0.625,2.134259259259259
LT54,2024-09-30,20,4.241379310344827,1.75,2.4913793103448274
LT54,2024-09-30,30,4.712121212121212,1.7708333333333333,2.941287878787879
LT54,2024-09-30,40,4.529411764705882,1.607142857142857,2.9222689075630255
LT54,2024-09-30,50,4.38235294117647,1.4745762711864407,2.9077766699900294
LT54,2024-09-30,60,4.083333333333333,1.4666666666666668,2.6166666666666663
LT54,2024-09-30,70,3.7763157894736845,1.403225806451613,2.3730899830220715
LT54,2024-09-30,80,3.5844155844155843,1.34375,2.2406655844155843
LT54,2024-09-30,90,3.1772151898734173,1.265625,1.9115901898734173
LT51,2024-09-30,10,4.636363636363636,0.5,4.136363636363636
LT51,2024-09-30,20,4.2063492063492065,0.4473684210526316,3.758980785296575
LT51,2024-09-30,30,3.878787878787879,0.4444444444444444,3.4343434343434343
LT51,2024-09-30,40,3.681818181818182,0.48333333333333334,3.1984848484848487
LT51,2024-09-30,50,3.4637681159420293,0.5151515151515151,2.948616600790514
LT51,2024-09-30,60,3.2133333333333334,0.6376811594202899,2.5756521739130434
LT51,2024-09-30,70,3.402777777777778,0.7611940298507462,2.641583747927032
LT51,2024-09-30,80,2.987012987012987,0.8088235294117647,2.1781894576012224
LT51,2024-09-30,90,2.763157894736842,0.7761194029850746,1.9870384917517674
LT63,2024-09-30,10,4.706896551724138,0.7083333333333334,3.9985632183908044
LT63,2024-09-30,20,4.656716417910448,0.5952380952380952,4.061478322672353
LT63,2024-09-30,30,4.144927536231884,0.5555555555555555,3.5893719806763285
LT63,2024-09-30,40,4.057142857142857,0.6545454545454544,3.4025974025974026
LT63,2024-09-30,50,3.8904109589041096,0.7818181818181817,3.108592777085928
LT63,2024-09-30,60,3.736111111111111,0.7894736842105264,2.9466374269005846
LT63,2024-09-30,70,3.4929577464788735,0.7796610169491526,2.713296729529721
LT63,2024-09-30,80,3.3333333333333335,0.7966101694915254,2.536723163841808
LT63,2024-09-30,90,2.9295774647887325,0.7796610169491526,2.14991644783958
LT62,2024-09-30,10,8.464285714285714,0.35000000000000003,8.114285714285714
LT62,2024-09-30,20,6.170212765957447,0.3870967741935484,5.783115991763899
LT62,2024-09-30,30,5.508771929824562,0.33333333333333337,5.175438596491229
LT62,2024-09-30,40,4.742857142857143,0.3548387096774194,4.388018433179724
LT62,2024-09-30,50,4.289473684210526,0.4153846153846154,3.8740890688259104
LT62,2024-09-30,60,3.875,0.45588235294117646,3.4191176470588234
LT62,2024-09-30,70,3.6625,0.5223880597014925,3.1401119402985076
LT62,2024-09-30,80,3.4250000000000003,0.5671641791044776,2.857835820895523
LT62,2024-09-30,90,3.0625,0.5671641791044776,2.4953358208955225
LT61,2024-09-30,10,6.73469387755102,0.3548387096774194,6.379855167873601
LT61,2024-09-30,20,5.45,0.39999999999999997,5.05
LT61,2024-09-30,30,5.0625,0.5217391304347826,4.540760869565218
LT61,2024-09-30,40,4.761194029850746,0.6153846153846154,4.145809414466131
LT61,2024-09-30,50,4.388888888888889,0.7090909090909091,3.6797979797979803
LT61,2024-09-30,60,4.105263157894737,0.6833333333333333,3.4219298245614036
LT61,2024-09-30,70,3.871794871794872,0.6825396825396826,3.1892551892551895
LT61,2024-09-30,80,3.6666666666666665,0.7460317460317459,2.9206349206349205
LT61,2024-09-30,90,3.253164556962025,0.7301587301587302,2.5230058268032947
LT64,2024-09-30,10,4.361111111111112,3.4285714285714284,0.9325396825396832
LT64,2024-09-30,20,4.9642857142857135,3.4615384615384617,1.5027472527472518
LT64,2024-09-30,30,4.650793650793651,3.4333333333333336,1.2174603174603176
LT64,2024-09-30,40,4.042857142857144,3.0000000000000004,1.0428571428571431
LT64,2024-09-30,50,3.956521739130435,2.9302325581395348,1.0262891809909003
LT64,2024-09-30,60,3.833333333333333,2.6470588235294117,1.1862745098039214
LT64,2024-09-30,70,3.780821917808219,2.527272727272727,1.2535491905354923
LT64,2024-09-30,80,3.5616438356164384,2.3333333333333335,1.228310502283105
LT64,2024-09-30,90,3.1666666666666665,2.0701754385964914,1.096491228070175
LT13,2024-10-11,10,5,0.47826086956521735,4.521739130434782
LT13,2024-10-11,20,4.11764705882353,0.3863636363636364,3.7312834224598936
LT13,2024-10-11,30,3.3833333333333333,0.4074074074074074,2.975925925925926
LT13,2024-10-11,40,3.303030303030303,0.4655172413793104,2.8375130616509927
LT13,2024-10-11,50,3.2205882352941173,0.4444444444444445,2.7761437908496727
LT13,2024-10-11,60,3.057971014492754,0.47619047619047616,2.5817805383022776
LT13,2024-10-11,70,2.8309859154929575,0.5573770491803279,2.2736088663126295
LT13,2024-10-11,80,2.625,0.6,2.025
LT13,2024-10-11,90,2.328767123287671,0.5873015873015873,1.7414655359860838
LT12,2024-10-11,10,4.348837209302326,7.08,0
LT12,2024-10-11,20,4.875,6.707317073170732,0
LT12,2024-10-11,30,3.7083333333333335,5.142857142857143,0
LT12,2024-10-11,40,3.017241379310345,3.6511627906976747,0
LT12,2024-10-11,50,2.84375,2.7727272727272725,0.07102272727272751
LT12,2024-10-11,60,2.6231884057971016,2.1063829787234045,0.516805427073697
LT12,2024-10-11,70,2.585714285714286,1.7058823529411764,0.8798319327731094
LT12,2024-10-11,80,2.3783783783783785,1.3859649122807018,0.9924134660976767
LT12,2024-10-11,90,2.178082191780822,1.180327868852459,0.9977543229283632
LT14,2024-10-11,10,5.384615384615384,0.41935483870967744,4.965260545905707
LT14,2024-10-11,20,4.696428571428571,0.42857142857142855,4.267857142857142
LT14,2024-10-11,30,4.2586206896551735,0.5,3.7586206896551735
LT14,2024-10-11,40,3.9523809523809526,0.4909090909090909,3.461471861471862
LT14,2024-10-11,50,3.617647058823529,0.4736842105263159,3.143962848297213
LT14,2024-10-11,60,3.4117647058823524,0.5178571428571428,2.8939075630252096
LT14,2024-10-11,70,3.2000000000000006,0.5555555555555555,2.6444444444444453
LT14,2024-10-11,80,3.013698630136987,0.6470588235294117,2.366639806607575
LT14,2024-10-11,90,2.7027027027027026,0.6575342465753424,2.04516845612736
LT11,2024-10-11,10,9.385714285714286,0.6756756756756757,8.71003861003861
LT11,2024-10-11,20,6.671428571428572,0.5853658536585366,6.0860627177700355
LT11,2024-10-11,30,5.142857142857143,0.68,4.4628571428571435
LT11,2024-10-11,40,4.338028169014085,0.7843137254901961,3.553714443523889
LT11,2024-10-11,50,4.085714285714285,0.7758620689655173,3.309852216748768
LT11,2024-10-11,60,3.712328767123288,0.8360655737704918,2.876263193352796
LT11,2024-10-11,70,3.453333333333333,0.8615384615384616,2.5917948717948716
LT11,2024-10-11,80,3.236842105263158,0.8923076923076922,2.3445344129554657
LT11,2024-10-11,90,2.833333333333333,0.8208955223880597,2.0124378109452734
LT23,2024-10-11,10,4.517857142857142,0.7999999999999999,3.7178571428571425
LT23,2024-10-11,20,4.389830508474576,0.7419354838709677,3.647895024603608
LT23,2024-10-11,30,4.111111111111111,0.5853658536585366,3.525745257452574
LT23,2024-10-11,40,3.7014925373134324,0.5625000000000001,3.1389925373134324
LT23,2024-10-11,50,3.376811594202899,0.5283018867924528,2.848509707410446
LT23,2024-10-11,60,3.173913043478261,0.5263157894736842,2.647597254004577
LT23,2024-10-11,70,2.8888888888888893,0.6071428571428571,2.281746031746032
LT23,2024-10-11,80,2.684931506849315,0.6440677966101696,2.0408637102391456
LT23,2024-10-11,90,2.3733333333333335,0.6290322580645161,1.7443010752688175
LT22,2024-10-11,10,6.2608695652173925,5.024390243902439,1.2364793213149534
LT22,2024-10-11,20,4.682539682539683,4.605263157894737,0.07727652464494561
LT22,2024-10-11,30,3.966666666666667,3.75,0.21666666666666679
LT22,2024-10-11,40,3.4142857142857146,3.325,0.08928571428571441
LT22,2024-10-11,50,3.1111111111111116,2.697674418604651,0.41343669250646053
LT22,2024-10-11,60,3.028169014084507,2.2666666666666666,0.7615023474178404
LT22,2024-10-11,70,2.802631578947368,1.7884615384615385,1.0141700404858296
LT22,2024-10-11,80,2.76,1.5357142857142856,1.2242857142857142
LT22,2024-10-11,90,2.4675324675324672,1.3166666666666669,1.1508658008658004
LT24,2024-10-11,10,4.9361702127659575,0.65,4.286170212765957
LT24,2024-10-11,20,4.689655172413794,0.6666666666666666,4.022988505747127
LT24,2024-10-11,30,4.073529411764706,0.627906976744186,3.4456224350205193
LT24,2024-10-11,40,3.5833333333333335,0.6,2.9833333333333334
LT24,2024-10-11,50,3.418918918918919,0.7450980392156863,2.6738208797032326
LT24,2024-10-11,60,3.1168831168831166,0.7962962962962963,2.3205868205868203
LT24,2024-10-11,70,2.9487179487179485,0.7586206896551725,2.190097259062776
LT24,2024-10-11,80,2.7341772151898733,0.7704918032786885,1.9636854119111848
LT24,2024-10-11,90,2.5064935064935066,0.7460317460317459,1.7604617604617605
LT21,2024-10-11,10,7.706666666666667,3.5000000000000004,4.206666666666667
LT21,2024-10-11,20,5.109589041095891,3.096774193548387,2.012814847547504
LT21,2024-10-11,30,4.493150684931507,2.428571428571429,2.064579256360078
LT21,2024-10-11,40,4.0675675675675675,1.8571428571428572,2.2104247104247103
LT21,2024-10-11,50,3.918918918918919,1.711111111111111,2.207807807807808
LT21,2024-10-11,60,3.5526315789473686,1.52,2.0326315789473686
LT21,2024-10-11,70,3.36,1.490566037735849,1.869433962264151
LT21,2024-10-11,80,3.131578947368421,1.3620689655172415,1.7695099818511792
LT21,2024-10-11,90,2.8289473684210527,1.1935483870967742,1.6353989813242784
LT33,2024-10-11,10,6.5423728813559325,0.5652173913043478,5.977155490051585
LT33,2024-10-11,20,4.424242424242424,0.4571428571428572,3.9670995670995666
LT33,2024-10-11,30,3.5774647887323945,0.5333333333333333,3.0441314553990613
LT33,2024-10-11,40,3.155844155844156,0.6875000000000001,2.468344155844156
LT33,2024-10-11,50,2.962025316455696,0.6666666666666666,2.2953586497890295
LT33,2024-10-11,60,2.7874999999999996,0.6271186440677966,2.160381355932203
LT33,2024-10-11,70,2.6144578313253013,0.6949152542372882,1.9195425770880132
LT33,2024-10-11,80,2.530120481927711,0.7377049180327869,1.7924155638949242
LT33,2024-10-11,90,2.2857142857142856,0.7142857142857143,1.5714285714285712
LT32,2024-10-11,10,2.9444444444444446,5.170731707317073,0
LT32,2024-10-11,20,4.543859649122807,5.5576923076923075,0
LT32,2024-10-11,30,3.8939393939393936,4.979166666666667,0
LT32,2024-10-11,40,3.6231884057971016,4.081632653061225,0
LT32,2024-10-11,50,3.366197183098592,3.056603773584906,0.3095934095136861
LT32,2024-10-11,60,2.897435897435897,2.4727272727272727,0.42470862470862425
LT32,2024-10-11,70,2.705128205128205,1.966101694915254,0.7390265102129507
LT32,2024-10-11,80,2.493827160493827,1.59375,0.9000771604938271
LT32,2024-10-11,90,2.3,1.338235294117647,0.9617647058823529
LT31,2024-10-11,10,7.323943661971832,1.0588235294117647,6.265120132560067
LT31,2024-10-11,20,5.153846153846154,1.0196078431372548,4.134238310708899
LT31,2024-10-11,30,4.478260869565218,1.2448979591836735,3.233362910381544
LT31,2024-10-11,40,4.103896103896104,1.1923076923076923,2.9115884115884114
LT31,2024-10-11,50,3.884615384615384,1.0517241379310345,2.8328912466843494
LT31,2024-10-11,60,3.7974683544303796,1.15,2.6474683544303796
LT31,2024-10-11,70,3.4698795180722892,1.2833333333333334,2.1865461847389556
LT31,2024-10-11,80,3.392405063291139,1.2153846153846155,2.1770204479065236
LT31,2024-10-11,90,2.9873417721518982,1.121212121212121,1.8661296509397771
LT34,2024-10-11,10,7.492063492063491,1.3409090909090908,6.1511544011544
LT34,2024-10-11,20,5.311475409836066,1.1304347826086956,4.181040627227371
LT34,2024-10-11,30,4.3538461538461535,0.94,3.4138461538461535
LT34,2024-10-11,40,3.954545454545454,0.9444444444444444,3.0101010101010095
LT34,2024-10-11,50,3.6086956521739135,0.9285714285714285,2.680124223602485
LT34,2024-10-11,60,3.3472222222222228,0.819672131147541,2.5275500910746818
LT34,2024-10-11,70,3.219178082191781,0.8,2.419178082191781
LT34,2024-10-11,80,3.026666666666667,0.8059701492537313,2.2206965174129354
LT34,2024-10-11,90,2.7066666666666666,0.7536231884057972,1.9530434782608692
LT43,2024-10-11,10,5.163934426229508,1.111111111111111,4.052823315118397
LT43,2024-10-11,20,4.242857142857144,1.4545454545454544,2.7883116883116896
LT43,2024-10-11,30,3.628571428571429,1.1282051282051282,2.500366300366301
LT43,2024-10-11,40,3.291666666666667,0.82,2.471666666666667
LT43,2024-10-11,50,3.106666666666667,0.7454545454545454,2.3612121212121213
LT43,2024-10-11,60,2.922077922077922,0.7457627118644068,2.176315210213515
LT43,2024-10-11,70,2.769230769230769,0.8135593220338984,1.9556714471968708
LT43,2024-10-11,80,2.6455696202531644,0.7903225806451613,1.8552470396080032
LT43,2024-10-11,90,2.341463414634146,0.75,1.5914634146341462
LT42,2024-10-11,10,4.951219512195122,8.314814814814815,0
LT42,2024-10-11,20,3.4893617021276597,5.711538461538462,0
LT42,2024-10-11,30,2.7321428571428568,4.416666666666667,0
LT42,2024-10-11,40,2.5757575757575757,3.2941176470588234,0
LT42,2024-10-11,50,2.5205479452054798,2.6346153846153846,0
LT42,2024-10-11,60,2.447368421052632,2.0350877192982457,0.41228070175438614
LT42,2024-10-11,70,2.3125,1.7000000000000002,0.6124999999999998
LT42,2024-10-11,80,2.259259259259259,1.4603174603174605,0.7989417989417986
LT42,2024-10-11,90,2.0238095238095237,1.28125,0.7425595238095237
LT41,2024-10-11,10,3.321428571428571,0.19999999999999998,3.121428571428571
LT41,2024-10-11,20,4.136363636363636,0.40816326530612246,3.7282003710575133
LT41,2024-10-11,30,3.945945945945946,0.6153846153846154,3.3305613305613306
LT41,2024-10-11,40,3.8266666666666667,1.1153846153846152,2.7112820512820512
LT41,2024-10-11,50,3.855263157894737,1.4339622641509433,2.421300893743794
LT41,2024-10-11,60,3.6125,1.5357142857142856,2.0767857142857142
LT41,2024-10-11,70,3.4457831325301207,1.6034482758620692,1.8423348566680515
LT41,2024-10-11,80,3.235294117647059,1.540983606557377,1.694310511089682
LT41,2024-10-11,90,2.9411764705882355,1.34375,1.5974264705882355
LT44,2024-10-11,10,3.573770491803279,0.40909090909090906,3.16467958271237
LT44,2024-10-11,20,3.2741935483870965,0.5277777777777778,2.746415770609319
LT44,2024-10-11,30,2.8985507246376816,0.6666666666666667,2.2318840579710146
LT44,2024-10-11,40,2.8767123287671237,0.8222222222222222,2.0544901065449013
LT44,2024-10-11,50,2.7848101265822787,0.8076923076923076,1.9771178188899712
LT44,2024-10-11,60,2.7468354430379747,0.7758620689655173,1.9709733740724573
LT44,2024-10-11,70,2.708860759493671,0.7704918032786885,1.9383689562149826
LT44,2024-10-11,80,2.6125,0.7777777777777778,1.8347222222222221
LT44,2024-10-11,90,2.3749999999999996,0.75,1.6249999999999996
LT53,2024-10-11,10,6.704545454545455,0.4545454545454546,6.25
LT53,2024-10-11,20,4.830508474576272,0.6666666666666667,4.163841807909605
LT53,2024-10-11,30,4.625,0.5660377358490566,4.058962264150943
LT53,2024-10-11,40,3.971830985915493,0.5593220338983051,3.4125089520171876
LT53,2024-10-11,50,3.602739726027397,0.564516129032258,3.038223596995139
LT53,2024-10-11,60,3.1392405063291138,0.5757575757575757,2.563482930571538
LT53,2024-10-11,70,2.91358024691358,0.6176470588235293,2.2959331880900504
LT53,2024-10-11,80,2.678571428571429,0.6617647058823529,2.016806722689076
LT53,2024-10-11,90,2.4166666666666665,0.6376811594202899,1.7789855072463765
LT52,2024-10-11,10,3.2352941176470584,0.36363636363636365,2.8716577540106947
LT52,2024-10-11,20,3.454545454545454,0.3666666666666667,3.0878787878787874
LT52,2024-10-11,30,3.0921052631578947,0.41860465116279066,2.673500611995104
LT52,2024-10-11,40,3.0273972602739727,0.4791666666666667,2.548230593607306
LT52,2024-10-11,50,2.868421052631579,0.5471698113207547,2.3212512413108244
LT52,2024-10-11,60,2.708860759493671,0.5892857142857143,2.1195750452079567
LT52,2024-10-11,70,2.524390243902439,0.6379310344827587,1.8864592094196804
LT52,2024-10-11,80,2.392857142857143,0.65,1.7428571428571429
LT52,2024-10-11,90,2.116279069767442,0.639344262295082,1.47693480747236
LT51,2024-10-11,10,3.9090909090909087,0.5,3.4090909090909087
LT51,2024-10-11,20,4.142857142857142,0.4473684210526316,3.695488721804511
LT51,2024-10-11,30,3.861538461538461,0.4444444444444444,3.4170940170940165
LT51,2024-10-11,40,3.485294117647059,0.48333333333333334,3.0019607843137255
LT51,2024-10-11,50,3.347826086956522,0.5151515151515151,2.832674571805007
LT51,2024-10-11,60,3.1052631578947367,0.6376811594202899,2.4675819984744467
LT51,2024-10-11,70,3.2133333333333334,0.7611940298507462,2.4521393034825874
LT51,2024-10-11,80,2.82716049382716,0.8088235294117647,2.0183369644153952
LT51,2024-10-11,90,2.625,0.7761194029850746,1.8488805970149254
LT54,2024-10-11,10,2.857142857142857,0.625,2.232142857142857
LT54,2024-10-11,20,3.933333333333333,1.75,2.183333333333333
LT54,2024-10-11,30,4.432835820895522,1.7708333333333333,2.662002487562189
LT54,2024-10-11,40,4.304347826086957,1.607142857142857,2.6972049689441002
LT54,2024-10-11,50,4.071428571428572,1.4745762711864407,2.5968523002421313
LT54,2024-10-11,60,3.8108108108108105,1.4666666666666668,2.3441441441441437
LT54,2024-10-11,70,3.615384615384615,1.403225806451613,2.212158808933002
LT54,2024-10-11,80,3.4430379746835444,1.34375,2.0992879746835444
LT54,2024-10-11,90,3.0617283950617282,1.265625,1.7961033950617282
LT63,2024-10-11,10,4.074074074074074,0.7083333333333334,3.365740740740741
LT63,2024-10-11,20,4.098360655737705,0.5952380952380952,3.5031225604996092
LT63,2024-10-11,30,3.671875,0.5555555555555555,3.1163194444444446
LT63,2024-10-11,40,3.441176470588235,0.6545454545454544,2.7866310160427807
LT63,2024-10-11,50,3.291666666666667,0.7818181818181817,2.509848484848485
LT63,2024-10-11,60,3.3055555555555554,0.7894736842105264,2.516081871345029
LT63,2024-10-11,70,3.125,0.7796610169491526,2.3453389830508473
LT63,2024-10-11,80,3.0142857142857142,0.7966101694915254,2.2176755447941887
LT63,2024-10-11,90,2.676056338028169,0.7796610169491526,1.8963953210790163
LT62,2024-10-11,10,7.29090909090909,0.35000000000000003,6.9409090909090905
LT62,2024-10-11,20,5.458333333333334,0.3870967741935484,5.071236559139786
LT62,2024-10-11,30,4.8965517241379315,0.33333333333333337,4.5632183908045985
LT62,2024-10-11,40,4.128571428571429,0.3548387096774194,3.7737327188940095
LT62,2024-10-11,50,3.7466666666666666,0.4153846153846154,3.3312820512820513
LT62,2024-10-11,60,3.354430379746835,0.45588235294117646,2.8985480268056585
LT62,2024-10-11,70,3.1374999999999997,0.5223880597014925,2.6151119402985072
LT62,2024-10-11,80,3.051282051282051,0.5671641791044776,2.4841178721775736
LT62,2024-10-11,90,2.7341772151898733,0.5671641791044776,2.167013036085396
LT61,2024-10-11,10,6.408163265306123,0.3548387096774194,6.053324555628704
LT61,2024-10-11,20,5.032258064516129,0.39999999999999997,4.632258064516129
LT61,2024-10-11,30,4.507462686567164,0.5217391304347826,3.9857235561323816
LT61,2024-10-11,40,4.185714285714286,0.6153846153846154,3.5703296703296705
LT61,2024-10-11,50,3.864864864864865,0.7090909090909091,3.155773955773956
LT61,2024-10-11,60,3.5189873417721516,0.6833333333333333,2.8356540084388184
LT61,2024-10-11,70,3.296296296296296,0.6825396825396826,2.613756613756613
LT61,2024-10-11,80,3.243589743589743,0.7460317460317459,2.497557997557997
LT61,2024-10-11,90,2.897435897435897,0.7301587301587302,2.1672771672771667
LT64,2024-10-11,10,4.388888888888889,3.4285714285714284,0.9603174603174609
LT64,2024-10-11,20,4.892857142857142,3.4615384615384617,1.4313186813186807
LT64,2024-10-11,30,4.6190476190476195,3.4333333333333336,1.185714285714286
LT64,2024-10-11,40,4.085714285714285,3.0000000000000004,1.085714285714285
LT64,2024-10-11,50,4.0285714285714285,2.9302325581395348,1.0983388704318937
LT64,2024-10-11,60,3.8918918918918917,2.6470588235294117,1.24483306836248
LT64,2024-10-11,70,3.8289473684210527,2.527272727272727,1.3016746411483258
LT64,2024-10-11,80,3.5844155844155843,2.3333333333333335,1.2510822510822508
LT64,2024-10-11,90,3.2133333333333334,2.0701754385964914,1.143157894736842
LT12,2024-10-15,10,4.239130434782608,7.08,0
LT12,2024-10-15,20,5,6.707317073170732,0
LT12,2024-10-15,30,4.523809523809524,5.142857142857143,0
LT12,2024-10-15,40,3.8750000000000004,3.6511627906976747,0.22383720930232576
LT12,2024-10-15,50,3.214285714285714,2.7727272727272725,0.4415584415584415
LT12,2024-10-15,60,2.873015873015873,2.1063829787234045,0.7666328942924685
LT12,2024-10-15,70,2.4999999999999996,1.7058823529411764,0.7941176470588232
LT12,2024-10-15,80,2.1971830985915495,1.3859649122807018,0.8112181863108476
LT12,2024-10-15,90,1.9154929577464792,1.180327868852459,0.7351650888940202
LT13,2024-10-15,10,5.040816326530613,0.47826086956521735,4.562555456965395
LT13,2024-10-15,20,4.26530612244898,0.3863636363636364,3.8789424860853434
LT13,2024-10-15,30,3.6333333333333337,0.4074074074074074,3.2259259259259263
LT13,2024-10-15,40,3.671875,0.4655172413793104,3.2063577586206895
LT13,2024-10-15,50,3.5820895522388057,0.4444444444444445,3.137645107794361
LT13,2024-10-15,60,3.426470588235294,0.47619047619047616,2.9502801120448177
LT13,2024-10-15,70,3.084507042253521,0.5573770491803279,2.527129993073193
LT13,2024-10-15,80,2.8591549295774645,0.6,2.2591549295774644
LT13,2024-10-15,90,2.493150684931507,0.5873015873015873,1.9058490976299196
LT11,2024-10-15,10,9.712328767123287,0.6756756756756757,9.036653091447612
LT11,2024-10-15,20,7.271428571428571,0.5853658536585366,6.686062717770035
LT11,2024-10-15,30,5.608695652173914,0.68,4.928695652173914
LT11,2024-10-15,40,4.694444444444445,0.7843137254901961,3.9101307189542487
LT11,2024-10-15,50,4.297297297297297,0.7758620689655173,3.52143522833178
LT11,2024-10-15,60,3.873417721518987,0.8360655737704918,3.0373521477484955
LT11,2024-10-15,70,3.692307692307692,0.8615384615384616,2.8307692307692305
LT11,2024-10-15,80,3.3625,0.8923076923076922,2.4701923076923076
LT11,2024-10-15,90,3.0125,0.8208955223880597,2.1916044776119405
LT14,2024-10-15,10,5.719298245614035,0.41935483870967744,5.299943406904358
LT14,2024-10-15,20,4.9298245614035094,0.42857142857142855,4.501253132832081
LT14,2024-10-15,30,4.733333333333333,0.5,4.233333333333333
LT14,2024-10-15,40,4.409090909090909,0.4909090909090909,3.9181818181818184
LT14,2024-10-15,50,4.2388059701492535,0.4736842105263159,3.7651217596229376
LT14,2024-10-15,60,4.03030303030303,0.5178571428571428,3.5124458874458875
LT14,2024-10-15,70,3.705882352941176,0.5555555555555555,3.150326797385621
LT14,2024-10-15,80,3.380281690140845,0.6470588235294117,2.7332228666114333
LT14,2024-10-15,90,3.028169014084507,0.6575342465753424,2.3706347675091646
LT22,2024-10-15,10,7.938461538461539,5.024390243902439,2.9140712945590996
LT22,2024-10-15,20,5.523076923076923,4.605263157894737,0.9178137651821858
LT22,2024-10-15,30,4.6190476190476195,3.75,0.8690476190476195
LT22,2024-10-15,40,3.9583333333333335,3.325,0.6333333333333333
LT22,2024-10-15,50,3.52,2.697674418604651,0.822325581395349
LT22,2024-10-15,60,3.452054794520548,2.2666666666666666,1.1853881278538814
LT22,2024-10-15,70,3.1168831168831166,1.7884615384615385,1.328421578421578
LT22,2024-10-15,80,2.986842105263158,1.5357142857142856,1.4511278195488724
LT22,2024-10-15,90,2.6282051282051277,1.3166666666666669,1.3115384615384609
LT23,2024-10-15,10,5.2142857142857135,0.7999999999999999,4.414285714285714
LT23,2024-10-15,20,4.934426229508197,0.7419354838709677,4.192490745637229
LT23,2024-10-15,30,4.575757575757575,0.5853658536585366,3.9903917220990386
LT23,2024-10-15,40,4.057142857142857,0.5625000000000001,3.494642857142857
LT23,2024-10-15,50,3.6944444444444446,0.5283018867924528,3.166142557651992
LT23,2024-10-15,60,3.458333333333334,0.5263157894736842,2.93201754385965
LT23,2024-10-15,70,3.1780821917808217,0.6071428571428571,2.5709393346379645
LT23,2024-10-15,80,2.9189189189189193,0.6440677966101696,2.2748511223087498
LT23,2024-10-15,90,2.5733333333333333,0.6290322580645161,1.9443010752688172
LT24,2024-10-15,10,5.549019607843137,0.65,4.899019607843137
LT24,2024-10-15,20,5.125,0.6666666666666666,4.458333333333333
LT24,2024-10-15,30,4.458333333333333,0.627906976744186,3.8304263565891468
LT24,2024-10-15,40,3.9054054054054057,0.6,3.3054054054054056
LT24,2024-10-15,50,3.8108108108108105,0.7450980392156863,3.0657127715951242
LT24,2024-10-15,60,3.473684210526316,0.7962962962962963,2.6773879142300196
LT24,2024-10-15,70,3.2597402597402594,0.7586206896551725,2.501119570085087
LT24,2024-10-15,80,3.0129870129870127,0.7704918032786885,2.2424952097083244
LT24,2024-10-15,90,2.710526315789474,0.7460317460317459,1.9644945697577278
LT21,2024-10-15,10,9.666666666666666,3.5000000000000004,6.166666666666666
LT21,2024-10-15,20,6.909090909090908,3.096774193548387,3.8123167155425213
LT21,2024-10-15,30,5.391891891891892,2.428571428571429,2.9633204633204633
LT21,2024-10-15,40,4.576923076923077,1.8571428571428572,2.7197802197802194
LT21,2024-10-15,50,4.298701298701299,1.711111111111111,2.5875901875901874
LT21,2024-10-15,60,3.8101265822784804,1.52,2.2901265822784804
LT21,2024-10-15,70,3.5,1.490566037735849,2.009433962264151
LT21,2024-10-15,80,3.15,1.3620689655172415,1.7879310344827584
LT21,2024-10-15,90,2.8846153846153846,1.1935483870967742,1.6910669975186103
LT32,2024-10-15,10,3.648648648648649,5.170731707317073,0
LT32,2024-10-15,20,5.285714285714286,5.5576923076923075,0
LT32,2024-10-15,30,4.303030303030303,4.979166666666667,0
LT32,2024-10-15,40,3.942028985507247,4.081632653061225,0
LT32,2024-10-15,50,3.6056338028169015,3.056603773584906,0.5490300292319956
LT32,2024-10-15,60,3.0384615384615383,2.4727272727272727,0.5657342657342657
LT32,2024-10-15,70,2.8552631578947367,1.966101694915254,0.8891614629794826
LT32,2024-10-15,80,2.6578947368421053,1.59375,1.0641447368421053
LT32,2024-10-15,90,2.3333333333333335,1.338235294117647,0.9950980392156865
LT33,2024-10-15,10,7.258620689655173,0.5652173913043478,6.693403298350825
LT33,2024-10-15,20,4.940298507462686,0.4571428571428572,4.483155650319829
LT33,2024-10-15,30,3.944444444444444,0.5333333333333333,3.411111111111111
LT33,2024-10-15,40,3.5263157894736845,0.6875000000000001,2.8388157894736845
LT33,2024-10-15,50,3.1772151898734173,0.6666666666666666,2.510548523206751
LT33,2024-10-15,60,2.91358024691358,0.6271186440677966,2.286461602845783
LT33,2024-10-15,70,2.666666666666667,0.6949152542372882,1.971751412429379
LT33,2024-10-15,80,2.51764705882353,0.7377049180327869,1.7799421407907428
LT33,2024-10-15,90,2.244186046511628,0.7142857142857143,1.5299003322259135
LT31,2024-10-15,10,9.054054054054054,1.0588235294117647,7.99523052464229
LT31,2024-10-15,20,5.999999999999999,1.0196078431372548,4.980392156862744
LT31,2024-10-15,30,5.264705882352941,1.2448979591836735,4.019807923169267
LT31,2024-10-15,40,4.826666666666667,1.1923076923076923,3.6343589743589746
LT31,2024-10-15,50,4.5131578947368425,1.0517241379310345,3.461433756805808
LT31,2024-10-15,60,4.177215189873417,1.15,3.027215189873417
LT31,2024-10-15,70,3.6547619047619047,1.2833333333333334,2.371428571428571
LT31,2024-10-15,80,3.5443037974683542,1.2153846153846155,2.3289191820837387
LT31,2024-10-15,90,3.0875,1.121212121212121,1.9662878787878788
LT34,2024-10-15,10,8.929577464788732,1.3409090909090908,7.588668373879641
LT34,2024-10-15,20,6.169230769230769,1.1304347826086956,5.038795986622073
LT34,2024-10-15,30,5.134328358208955,0.94,4.1943283582089546
LT34,2024-10-15,40,4.5,0.9444444444444444,3.5555555555555554
LT34,2024-10-15,50,4.014705882352941,0.9285714285714285,3.0861344537815127
LT34,2024-10-15,60,3.661971830985916,0.819672131147541,2.842299699838375
LT34,2024-10-15,70,3.542857142857143,0.8,2.742857142857143
LT34,2024-10-15,80,3.2638888888888893,0.8059701492537313,2.457918739635158
LT34,2024-10-15,90,2.824324324324324,0.7536231884057972,2.070701135918527
LT42,2024-10-15,10,4.872340425531915,8.314814814814815,0
LT42,2024-10-15,20,3.4285714285714284,5.711538461538462,0
LT42,2024-10-15,30,2.7857142857142856,4.416666666666667,0
LT42,2024-10-15,40,2.4999999999999996,3.2941176470588234,0
LT42,2024-10-15,50,2.3698630136986303,2.6346153846153846,0
LT42,2024-10-15,60,2.1948051948051948,2.0350877192982457,0.15971747550694904
LT42,2024-10-15,70,2.128205128205128,1.7000000000000002,0.428205128205128
LT42,2024-10-15,80,2.050632911392405,1.4603174603174605,0.5903154510749444
LT42,2024-10-15,90,1.8395061728395061,1.28125,0.5582561728395061
LT43,2024-10-15,10,5.666666666666666,1.111111111111111,4.555555555555555
LT43,2024-10-15,20,4.757142857142857,1.4545454545454544,3.302597402597403
LT43,2024-10-15,30,4.0144927536231885,1.1282051282051282,2.8862876254180603
LT43,2024-10-15,40,3.5492957746478875,0.82,2.7292957746478876
LT43,2024-10-15,50,3.2739726027397262,0.7454545454545454,2.528518057285181
LT43,2024-10-15,60,3.0000000000000004,0.7457627118644068,2.2542372881355934
LT43,2024-10-15,70,2.75,0.8135593220338984,1.9364406779661016
LT43,2024-10-15,80,2.571428571428571,0.7903225806451613,1.78110599078341
LT43,2024-10-15,90,2.2624999999999997,0.75,1.5124999999999997
LT41,2024-10-15,10,3.592592592592592,0.19999999999999998,3.392592592592592
LT41,2024-10-15,20,4.415384615384616,0.40816326530612246,4.007221350078494
LT41,2024-10-15,30,4.23943661971831,0.6153846153846154,3.6240520043336946
LT41,2024-10-15,40,4.027397260273973,1.1153846153846152,2.9120126448893577
LT41,2024-10-15,50,3.8289473684210527,1.4339622641509433,2.394985104270109
LT41,2024-10-15,60,3.6025641025641026,1.5357142857142856,2.066849816849817
LT41,2024-10-15,70,3.325301204819277,1.6034482758620692,1.721852928957208
LT41,2024-10-15,80,3.1428571428571432,1.540983606557377,1.6018735362997663
LT41,2024-10-15,90,2.823529411764706,1.34375,1.479779411764706
LT44,2024-10-15,10,3.4769230769230766,0.40909090909090906,3.0678321678321674
LT44,2024-10-15,20,3.338461538461538,0.5277777777777778,2.8106837606837605
LT44,2024-10-15,30,3.23943661971831,0.6666666666666667,2.572769953051643
LT44,2024-10-15,40,3.291666666666667,0.8222222222222222,2.469444444444445
LT44,2024-10-15,50,3.1578947368421053,0.8076923076923076,2.350202429149798
LT44,2024-10-15,60,3.0933333333333333,0.7758620689655173,2.317471264367816
LT44,2024-10-15,70,2.922077922077922,0.7704918032786885,2.1515861187992336
LT44,2024-10-15,80,2.818181818181818,0.7777777777777778,2.04040404040404
LT44,2024-10-15,90,2.5,0.75,1.75
LT52,2024-10-15,10,3.2,0.36363636363636365,2.8363636363636364
LT52,2024-10-15,20,3.230769230769231,0.3666666666666667,2.864102564102564
LT52,2024-10-15,30,2.9189189189189193,0.41860465116279066,2.5003142677561287
LT52,2024-10-15,40,2.847222222222222,0.4791666666666667,2.3680555555555554
LT52,2024-10-15,50,2.780821917808219,0.5471698113207547,2.2336521064874644
LT52,2024-10-15,60,2.6,0.5892857142857143,2.0107142857142857
LT52,2024-10-15,70,2.466666666666667,0.6379310344827587,1.8287356321839081
LT52,2024-10-15,80,2.2564102564102564,0.65,1.6064102564102565
LT52,2024-10-15,90,2,0.639344262295082,1.360655737704918
LT53,2024-10-15,10,6.75,0.4545454545454546,6.295454545454545
LT53,2024-10-15,20,4.642857142857142,0.6666666666666667,3.9761904761904754
LT53,2024-10-15,30,4.40625,0.5660377358490566,3.8402122641509435
LT53,2024-10-15,40,3.9014084507042255,0.5593220338983051,3.3420864168059206
LT53,2024-10-15,50,3.465753424657534,0.564516129032258,2.901237295625276
LT53,2024-10-15,60,3.0666666666666664,0.5757575757575757,2.4909090909090907
LT53,2024-10-15,70,2.776315789473684,0.6176470588235293,2.1586687306501546
LT53,2024-10-15,80,2.4936708860759493,0.6617647058823529,1.8319061801935965
LT53,2024-10-15,90,2.240506329113924,0.6376811594202899,1.602825169693634
LT51,2024-10-15,10,4.053571428571428,0.5,3.553571428571428
LT51,2024-10-15,20,4.15625,0.4473684210526316,3.7088815789473686
LT51,2024-10-15,30,3.876923076923077,0.4444444444444444,3.4324786324786327
LT51,2024-10-15,40,3.5757575757575752,0.48333333333333334,3.092424242424242
LT51,2024-10-15,50,3.3731343283582085,0.5151515151515151,2.8579828132066933
LT51,2024-10-15,60,3.08,0.6376811594202899,2.44231884057971
LT51,2024-10-15,70,3.121621621621622,0.7611940298507462,2.3604275917708755
LT51,2024-10-15,80,2.7848101265822787,0.8088235294117647,1.975986597170514
LT51,2024-10-15,90,2.5769230769230766,0.7761194029850746,1.800803673938002
LT54,2024-10-15,10,2.9056603773584904,0.625,2.2806603773584904
LT54,2024-10-15,20,3.9827586206896557,1.75,2.2327586206896557
LT54,2024-10-15,30,4.432835820895522,1.7708333333333333,2.662002487562189
LT54,2024-10-15,40,4.070422535211268,1.607142857142857,2.463279678068411
LT54,2024-10-15,50,3.7887323943661975,1.4745762711864407,2.3141561231797567
LT54,2024-10-15,60,3.527777777777778,1.4666666666666668,2.0611111111111113
LT54,2024-10-15,70,3.283783783783784,1.403225806451613,1.8805579773321712
LT54,2024-10-15,80,3.052631578947368,1.34375,1.7088815789473681
LT54,2024-10-15,90,2.6835443037974684,1.265625,1.4179193037974684
LT62,2024-10-15,10,6.62,0.35000000000000003,6.2700000000000005
LT62,2024-10-15,20,5.297872340425533,0.3870967741935484,4.910775566231985
LT62,2024-10-15,30,4.551724137931035,0.33333333333333337,4.218390804597702
LT62,2024-10-15,40,3.757142857142857,0.3548387096774194,3.4023041474654376
LT62,2024-10-15,50,3.1948051948051948,0.4153846153846154,2.7794205794205795
LT62,2024-10-15,60,2.8125,0.45588235294117646,2.3566176470588234
LT62,2024-10-15,70,2.6753246753246755,0.5223880597014925,2.152936615623183
LT62,2024-10-15,80,2.4805194805194803,0.5671641791044776,1.9133553014150029
LT62,2024-10-15,90,2.2337662337662336,0.5671641791044776,1.6666020546617561
LT63,2024-10-15,10,4.3584905660377355,0.7083333333333334,3.650157232704402
LT63,2024-10-15,20,4.133333333333334,0.5952380952380952,3.5380952380952384
LT63,2024-10-15,30,3.5396825396825395,0.5555555555555555,2.984126984126984
LT63,2024-10-15,40,3.318181818181818,0.6545454545454544,2.6636363636363636
LT63,2024-10-15,50,3.176470588235294,0.7818181818181817,2.394652406417112
LT63,2024-10-15,60,3.059701492537313,0.7894736842105264,2.2702278083267866
LT63,2024-10-15,70,2.8333333333333335,0.7796610169491526,2.053672316384181
LT63,2024-10-15,80,2.6615384615384614,0.7966101694915254,1.8649282920469359
LT63,2024-10-15,90,2.343283582089552,0.7796610169491526,1.5636225651403994
LT61,2024-10-15,10,6.5740740740740735,0.3548387096774194,6.2192353643966545
LT61,2024-10-15,20,5.220338983050848,0.39999999999999997,4.820338983050847
LT61,2024-10-15,30,4.5396825396825395,0.5217391304347826,4.017943409247757
LT61,2024-10-15,40,4.014925373134328,0.6153846153846154,3.3995407577497123
LT61,2024-10-15,50,3.7428571428571433,0.7090909090909091,3.0337662337662343
LT61,2024-10-15,60,3.3561643835616444,0.6833333333333333,2.672831050228311
LT61,2024-10-15,70,2.9999999999999996,0.6825396825396826,2.317460317460317
LT61,2024-10-15,80,2.84,0.7460317460317459,2.093968253968254
LT61,2024-10-15,90,2.5466666666666664,0.7301587301587302,1.8165079365079362
LT64,2024-10-15,10,4.527777777777778,3.4285714285714284,1.0992063492063493
LT64,2024-10-15,20,5.035714285714285,3.4615384615384617,1.574175824175823
LT64,2024-10-15,30,4.6190476190476195,3.4333333333333336,1.185714285714286
LT64,2024-10-15,40,3.914285714285715,3.0000000000000004,0.9142857142857146
LT64,2024-10-15,50,3.690140845070423,2.9302325581395348,0.7599082869308882
LT64,2024-10-15,60,3.5135135135135136,2.6470588235294117,0.8664546899841019
LT64,2024-10-15,70,3.381578947368421,2.527272727272727,0.8543062200956939
LT64,2024-10-15,80,3.1710526315789473,2.3333333333333335,0.8377192982456139
LT64,2024-10-15,90,2.864864864864865,2.0701754385964914,0.7946894262683735
LT12,2024-10-25,10,5.3181818181818175,7.08,0
LT12,2024-10-25,20,5.725,6.707317073170732,0
LT12,2024-10-25,30,4.617021276595745,5.142857142857143,0
LT12,2024-10-25,40,3.4827586206896552,3.6511627906976747,0
LT12,2024-10-25,50,3.2333333333333334,2.7727272727272725,0.4606060606060609
LT12,2024-10-25,60,2.859375,2.1063829787234045,0.7529920212765955
LT12,2024-10-25,70,2.6666666666666665,1.7058823529411764,0.9607843137254901
LT12,2024-10-25,80,2.3857142857142857,1.3859649122807018,0.9997493734335838
LT12,2024-10-25,90,2.1285714285714286,1.180327868852459,0.9482435597189696
LT13,2024-10-25,10,5.4230769230769225,0.47826086956521735,4.944816053511705
LT13,2024-10-25,20,4.333333333333333,0.3863636363636364,3.946969696969697
LT13,2024-10-25,30,3.65,0.4074074074074074,3.2425925925925925
LT13,2024-10-25,40,3.4461538461538463,0.4655172413793104,2.980636604774536
LT13,2024-10-25,50,3.2463768115942035,0.4444444444444445,2.801932367149759
LT13,2024-10-25,60,3.028571428571429,0.47619047619047616,2.5523809523809526
LT13,2024-10-25,70,2.6901408450704225,0.5573770491803279,2.1327637958900945
LT13,2024-10-25,80,2.4366197183098595,0.6,1.8366197183098594
LT13,2024-10-25,90,2.154929577464789,0.5873015873015873,1.5676279901632015
LT11,2024-10-25,10,8.575757575757576,0.6756756756756757,7.900081900081901
LT11,2024-10-25,20,5.953846153846154,0.5853658536585366,5.368480300187618
LT11,2024-10-25,30,4.723076923076922,0.68,4.043076923076923
LT11,2024-10-25,40,4.196969696969697,0.7843137254901961,3.4126559714795013
LT11,2024-10-25,50,3.924242424242424,0.7758620689655173,3.1483803552769065
LT11,2024-10-25,60,3.5882352941176467,0.8360655737704918,2.7521697203471547
LT11,2024-10-25,70,3.23943661971831,0.8615384615384616,2.3778981581798484
LT11,2024-10-25,80,2.9452054794520546,0.8923076923076922,2.0528977871443623
LT11,2024-10-25,90,2.5675675675675675,0.8208955223880597,1.746672045179508
LT14,2024-10-25,10,3.3488372093023253,0.41935483870967744,2.929482370592648
LT14,2024-10-25,20,3.1875,0.42857142857142855,2.7589285714285716
LT14,2024-10-25,30,3.2962962962962963,0.5,2.7962962962962963
LT14,2024-10-25,40,3.2459016393442623,0.4909090909090909,2.7549925484351716
LT14,2024-10-25,50,3.1774193548387095,0.4736842105263159,2.7037351443123936
LT14,2024-10-25,60,2.935483870967742,0.5178571428571428,2.417626728110599
LT14,2024-10-25,70,2.6615384615384614,0.5555555555555555,2.105982905982906
LT14,2024-10-25,80,2.4999999999999996,0.6470588235294117,1.8529411764705879
LT14,2024-10-25,90,2.25,0.6575342465753424,1.5924657534246576
LT22,2024-10-25,10,8.313432835820896,5.024390243902439,3.2890425919184567
LT22,2024-10-25,20,5.809523809523809,4.605263157894737,1.2042606516290721
LT22,2024-10-25,30,4.816666666666667,3.75,1.0666666666666673
LT22,2024-10-25,40,4.061538461538461,3.325,0.7365384615384611
LT22,2024-10-25,50,3.455882352941176,2.697674418604651,0.7582079343365251
LT22,2024-10-25,60,3.1884057971014497,2.2666666666666666,0.9217391304347831
LT22,2024-10-25,70,2.847222222222222,1.7884615384615385,1.0587606837606833
LT22,2024-10-25,80,2.6666666666666665,1.5357142857142856,1.130952380952381
LT22,2024-10-25,90,2.324324324324324,1.3166666666666669,1.0076576576576572
LT23,2024-10-25,10,3.1086956521739126,0.7999999999999999,2.308695652173913
LT23,2024-10-25,20,3.784313725490196,0.7419354838709677,3.042378241619228
LT23,2024-10-25,30,3.7857142857142856,0.5853658536585366,3.200348432055749
LT23,2024-10-25,40,3.491228070175439,0.5625000000000001,2.928728070175439
LT23,2024-10-25,50,3.1016949152542375,0.5283018867924528,2.5733930284617847
LT23,2024-10-25,60,2.819672131147541,0.5263157894736842,2.293356341673857
LT23,2024-10-25,70,2.5,0.6071428571428571,1.8928571428571428
LT23,2024-10-25,80,2.2388059701492535,0.6440677966101696,1.594738173539084
LT23,2024-10-25,90,1.956521739130435,0.6290322580645161,1.327489481065919
LT21,2024-10-25,10,6.775862068965518,3.5000000000000004,3.2758620689655173
LT21,2024-10-25,20,5.4423076923076925,3.096774193548387,2.3455334987593055
LT21,2024-10-25,30,4.46875,2.428571428571429,2.040178571428571
LT21,2024-10-25,40,3.8405797101449277,1.8571428571428572,1.9834368530020705
LT21,2024-10-25,50,3.642857142857143,1.711111111111111,1.9317460317460318
LT21,2024-10-25,60,3.380281690140845,1.52,1.860281690140845
LT21,2024-10-25,70,3.1111111111111116,1.490566037735849,1.6205450733752627
LT21,2024-10-25,80,2.9027777777777777,1.3620689655172415,1.5407088122605361
LT21,2024-10-25,90,2.527027027027027,1.1935483870967742,1.333478639930253
LT24,2024-10-25,10,3.7142857142857144,0.65,3.0642857142857145
LT24,2024-10-25,20,3.2,0.6666666666666666,2.5333333333333337
LT24,2024-10-25,30,2.8524590163934427,0.627906976744186,2.2245520396492564
LT24,2024-10-25,40,2.4461538461538463,0.6,1.8461538461538463
LT24,2024-10-25,50,2.4925373134328357,0.7450980392156863,1.7474392742171494
LT24,2024-10-25,60,2.3285714285714287,0.7962962962962963,1.5322751322751325
LT24,2024-10-25,70,2.242857142857143,0.7586206896551725,1.4842364532019703
LT24,2024-10-25,80,2.1142857142857143,0.7704918032786885,1.3437939110070258
LT24,2024-10-25,90,1.8732394366197185,0.7460317460317459,1.1272076905879724
LT32,2024-10-25,10,3.8205128205128203,5.170731707317073,0
LT32,2024-10-25,20,5.852459016393443,5.5576923076923075,0.2947667087011352
LT32,2024-10-25,30,4.985074626865671,4.979166666666667,0.005907960199004414
LT32,2024-10-25,40,4.279411764705882,4.081632653061225,0.19777911164465767
LT32,2024-10-25,50,3.761194029850746,3.056603773584906,0.7045902562658402
LT32,2024-10-25,60,3.0972222222222223,2.4727272727272727,0.6244949494949497
LT32,2024-10-25,70,2.7464788732394365,1.966101694915254,0.7803771783241824
LT32,2024-10-25,80,2.4444444444444446,1.59375,0.8506944444444446
LT32,2024-10-25,90,2.1506849315068495,1.338235294117647,0.8124496373892025
LT33,2024-10-25,10,4.416666666666667,0.5652173913043478,3.8514492753623193
LT33,2024-10-25,20,3.1111111111111107,0.4571428571428572,2.6539682539682534
LT33,2024-10-25,30,2.4285714285714284,0.5333333333333333,1.8952380952380952
LT33,2024-10-25,40,2.142857142857143,0.6875000000000001,1.4553571428571428
LT33,2024-10-25,50,2.084507042253521,0.6666666666666666,1.4178403755868545
LT33,2024-10-25,60,1.9189189189189189,0.6271186440677966,1.2918002748511221
LT33,2024-10-25,70,1.8666666666666665,0.6949152542372882,1.1717514124293782
LT33,2024-10-25,80,1.7792207792207793,0.7377049180327869,1.0415158611879924
LT33,2024-10-25,90,1.6153846153846154,0.7142857142857143,0.9010989010989011
LT31,2024-10-25,10,8.478260869565217,1.0588235294117647,7.419437340153452
LT31,2024-10-25,20,5.753846153846154,1.0196078431372548,4.734238310708899
LT31,2024-10-25,30,4.9264705882352935,1.2448979591836735,3.6815726290516197
LT31,2024-10-25,40,4.45945945945946,1.1923076923076923,3.267151767151767
LT31,2024-10-25,50,4.051948051948052,1.0517241379310345,3.0002239140170177
LT31,2024-10-25,60,3.7792207792207795,1.15,2.6292207792207796
LT31,2024-10-25,70,3.468354430379747,1.2833333333333334,2.1850210970464135
LT31,2024-10-25,80,3.2207792207792205,1.2153846153846155,2.005394605394605
LT31,2024-10-25,90,2.769230769230769,1.121212121212121,1.648018648018648
LT34,2024-10-25,10,7.9692307692307685,1.3409090909090908,6.628321678321678
LT34,2024-10-25,20,5.806451612903226,1.1304347826086956,4.676016830294531
LT34,2024-10-25,30,4.71875,0.94,3.77875
LT34,2024-10-25,40,4.111111111111111,0.9444444444444444,3.166666666666666
LT34,2024-10-25,50,3.6153846153846154,0.9285714285714285,2.686813186813187
LT34,2024-10-25,60,3.176470588235294,0.819672131147541,2.356798457087753
LT34,2024-10-25,70,2.927536231884058,0.8,2.127536231884058
LT34,2024-10-25,80,2.6619718309859155,0.8059701492537313,1.856001681732184
LT34,2024-10-25,90,2.3194444444444446,0.7536231884057972,1.5658212560386473
LT42,2024-10-25,10,5.88,8.314814814814815,0
LT42,2024-10-25,20,4.32,5.711538461538462,0
LT42,2024-10-25,30,3.1249999999999996,4.416666666666667,0
LT42,2024-10-25,40,2.758064516129032,3.2941176470588234,0
LT42,2024-10-25,50,2.3661971830985915,2.6346153846153846,0
LT42,2024-10-25,60,2.2,2.0350877192982457,0.16491228070175445
LT42,2024-10-25,70,2.057971014492754,1.7000000000000002,0.3579710144927537
LT42,2024-10-25,80,1.9558823529411764,1.4603174603174605,0.49556489262371595
LT42,2024-10-25,90,1.7142857142857144,1.28125,0.4330357142857144
LT43,2024-10-25,10,4.74,1.111111111111111,3.6288888888888895
LT43,2024-10-25,20,4.377358490566038,1.4545454545454544,2.9228130360205835
LT43,2024-10-25,30,3.3508771929824563,1.1282051282051282,2.222672064777328
LT43,2024-10-25,40,2.698412698412698,0.82,1.8784126984126983
LT43,2024-10-25,50,2.603174603174603,0.7454545454545454,1.8577200577200574
LT43,2024-10-25,60,2.3134328358208953,0.7457627118644068,1.5676701239564885
LT43,2024-10-25,70,2.1285714285714286,0.8135593220338984,1.3150121065375302
LT43,2024-10-25,80,1.9589041095890412,0.7903225806451613,1.16858152894388
LT43,2024-10-25,90,1.7105263157894737,0.75,0.9605263157894737
LT41,2024-10-25,10,3.3703703703703702,0.19999999999999998,3.17037037037037
LT41,2024-10-25,20,4.246153846153845,0.40816326530612246,3.837990580847723
LT41,2024-10-25,30,3.48,0.6153846153846154,2.8646153846153846
LT41,2024-10-25,40,3.090909090909091,1.1153846153846152,1.9755244755244756
LT41,2024-10-25,50,3.0641025641025643,1.4339622641509433,1.630140299951621
LT41,2024-10-25,60,2.962025316455696,1.5357142857142856,1.4263110307414104
LT41,2024-10-25,70,2.839506172839506,1.6034482758620692,1.2360578969774367
LT41,2024-10-25,80,2.626506024096386,1.540983606557377,1.0855224175390088
LT41,2024-10-25,90,2.3658536585365852,1.34375,1.0221036585365852
LT44,2024-10-25,10,1.302325581395349,0.40909090909090906,0.8932346723044399
LT44,2024-10-25,20,1.9375000000000002,0.5277777777777778,1.4097222222222223
LT44,2024-10-25,30,2.3636363636363633,0.6666666666666667,1.6969696969696966
LT44,2024-10-25,40,2.640625,0.8222222222222222,1.8184027777777778
LT44,2024-10-25,50,2.541666666666667,0.8076923076923076,1.7339743589743595
LT44,2024-10-25,60,2.416666666666667,0.7758620689655173,1.6408045977011496
LT44,2024-10-25,70,2.357142857142857,0.7704918032786885,1.5866510538641687
LT44,2024-10-25,80,2.178082191780822,0.7777777777777778,1.4003044140030445
LT44,2024-10-25,90,1.87012987012987,0.75,1.12012987012987
LT52,2024-10-25,10,2.205128205128205,0.36363636363636365,1.841491841491841
LT52,2024-10-25,20,1.796296296296296,0.3666666666666667,1.4296296296296294
LT52,2024-10-25,30,1.8888888888888888,0.41860465116279066,1.4702842377260983
LT52,2024-10-25,40,1.8181818181818181,0.4791666666666667,1.3390151515151514
LT52,2024-10-25,50,1.8615384615384614,0.5471698113207547,1.3143686502177068
LT52,2024-10-25,60,1.835820895522388,0.5892857142857143,1.2465351812366738
LT52,2024-10-25,70,1.7941176470588234,0.6379310344827587,1.1561866125760647
LT52,2024-10-25,80,1.7,0.65,1.0499999999999998
LT52,2024-10-25,90,1.4794520547945207,0.639344262295082,0.8401077924994387
LT53,2024-10-25,10,3.5833333333333335,0.4545454545454546,3.128787878787879
LT53,2024-10-25,20,2.816326530612245,0.6666666666666667,2.149659863945578
LT53,2024-10-25,30,2.9516129032258065,0.5660377358490566,2.38557516737675
LT53,2024-10-25,40,2.7,0.5593220338983051,2.140677966101695
LT53,2024-10-25,50,2.6086956521739135,0.564516129032258,2.0441795231416555
LT53,2024-10-25,60,2.3194444444444446,0.5757575757575757,1.743686868686869
LT53,2024-10-25,70,2.1081081081081083,0.6176470588235293,1.490461049284579
LT53,2024-10-25,80,1.9210526315789473,0.6617647058823529,1.2592879256965945
LT53,2024-10-25,90,1.7142857142857144,0.6376811594202899,1.0766045548654244
LT51,2024-10-25,10,3.3928571428571423,0.5,2.8928571428571423
LT51,2024-10-25,20,3.85,0.4473684210526316,3.4026315789473687
LT51,2024-10-25,30,3.7543859649122813,0.4444444444444444,3.309941520467837
LT51,2024-10-25,40,3.3442622950819674,0.48333333333333334,2.860928961748634
LT51,2024-10-25,50,3.1406249999999996,0.5151515151515151,2.6254734848484844
LT51,2024-10-25,60,2.875,0.6376811594202899,2.23731884057971
LT51,2024-10-25,70,2.842857142857143,0.7611940298507462,2.081663113006397
LT51,2024-10-25,80,2.4864864864864864,0.8088235294117647,1.6776629570747217
LT51,2024-10-25,90,2.2777777777777777,0.7761194029850746,1.501658374792703
LT54,2024-10-25,10,2.7333333333333334,0.625,2.1083333333333334
LT54,2024-10-25,20,4.2105263157894735,1.75,2.4605263157894735
LT54,2024-10-25,30,4.409090909090909,1.7708333333333333,2.638257575757576
LT54,2024-10-25,40,4.153846153846154,1.607142857142857,2.5467032967032974
LT54,2024-10-25,50,3.830769230769231,1.4745762711864407,2.35619295958279
LT54,2024-10-25,60,3.5373134328358207,1.4666666666666668,2.070646766169154
LT54,2024-10-25,70,3.1571428571428575,1.403225806451613,1.7539170506912445
LT54,2024-10-25,80,2.849315068493151,1.34375,1.505565068493151
LT54,2024-10-25,90,2.5405405405405403,1.265625,1.2749155405405403
LT62,2024-10-25,10,3.6470588235294117,0.35000000000000003,3.2970588235294116
LT62,2024-10-25,20,2.658536585365854,0.3870967741935484,2.2714398111723053
LT62,2024-10-25,30,2.7,0.33333333333333337,2.3666666666666667
LT62,2024-10-25,40,2.3962264150943398,0.3548387096774194,2.0413877054169203
LT62,2024-10-25,50,2.1052631578947367,0.4153846153846154,1.6898785425101213
LT62,2024-10-25,60,1.9,0.45588235294117646,1.4441176470588235
LT62,2024-10-25,70,1.703125,0.5223880597014925,1.1807369402985075
LT62,2024-10-25,80,1.6461538461538463,0.5671641791044776,1.0789896670493686
LT62,2024-10-25,90,1.4626865671641789,0.5671641791044776,0.8955223880597013
LT63,2024-10-25,10,2.735294117647059,0.7083333333333334,2.0269607843137254
LT63,2024-10-25,20,3.027777777777778,0.5952380952380952,2.432539682539683
LT63,2024-10-25,30,2.9333333333333336,0.5555555555555555,2.377777777777778
LT63,2024-10-25,40,3,0.6545454545454544,2.3454545454545457
LT63,2024-10-25,50,2.7636363636363632,0.7818181818181817,1.9818181818181815
LT63,2024-10-25,60,2.6296296296296293,0.7894736842105264,1.8401559454191028
LT63,2024-10-25,70,2.4074074074074074,0.7796610169491526,1.6277463904582548
LT63,2024-10-25,80,2.1818181818181817,0.7966101694915254,1.3852080123266561
LT63,2024-10-25,90,1.8448275862068968,0.7796610169491526,1.0651665692577441
LT61,2024-10-25,10,5.326086956521739,0.3548387096774194,4.97124824684432
LT61,2024-10-25,20,4.166666666666666,0.39999999999999997,3.766666666666666
LT61,2024-10-25,30,3.7627118644067803,0.5217391304347826,3.2409727339719976
LT61,2024-10-25,40,3.5245901639344264,0.6153846153846154,2.909205548549811
LT61,2024-10-25,50,3.17910447761194,0.7090909090909091,2.470013568521031
LT61,2024-10-25,60,2.8695652173913047,0.6833333333333333,2.186231884057971
LT61,2024-10-25,70,2.565217391304348,0.6825396825396826,1.8826777087646656
LT61,2024-10-25,80,2.4029850746268657,0.7460317460317459,1.6569533285951197
LT61,2024-10-25,90,2.0882352941176467,0.7301587301587302,1.3580765639589165
LT64,2024-10-25,10,4.88235294117647,3.4285714285714284,1.4537815126050417
LT64,2024-10-25,20,5.470588235294118,3.4615384615384617,2.009049773755656
LT64,2024-10-25,30,5.103448275862069,3.4333333333333336,1.6701149425287358
LT64,2024-10-25,40,4.359375,3.0000000000000004,1.3593749999999996
LT64,2024-10-25,50,3.9850746268656714,2.9302325581395348,1.0548420687261366
LT64,2024-10-25,60,3.589041095890411,2.6470588235294117,0.9419822723609994
LT64,2024-10-25,70,3.5,2.527272727272727,0.9727272727272731
LT64,2024-10-25,80,3.180555555555556,2.3333333333333335,0.8472222222222223
LT64,2024-10-25,90,2.7777777777777777,2.0701754385964914,0.7076023391812862
LT12,2024-11-12,10,5.770833333333334,7.08,0
LT12,2024-11-12,20,6,6.707317073170732,0
LT12,2024-11-12,30,5.041666666666667,5.142857142857143,0
LT12,2024-11-12,40,3.865384615384615,3.6511627906976747,0.2142218246869403
LT12,2024-11-12,50,3.2264150943396226,2.7727272727272725,0.4536878216123501
LT12,2024-11-12,60,2.5689655172413794,2.1063829787234045,0.46258253851797493
LT12,2024-11-12,70,2.3559322033898304,1.7058823529411764,0.650049850448654
LT12,2024-11-12,80,2.1290322580645165,1.3859649122807018,0.7430673457838146
LT12,2024-11-12,90,1.8307692307692307,1.180327868852459,0.6504413619167717
LT13,2024-11-12,10,2.5609756097560976,0.47826086956521735,2.0827147401908803
LT13,2024-11-12,20,2.4583333333333335,0.3863636363636364,2.0719696969696972
LT13,2024-11-12,30,2,0.4074074074074074,1.5925925925925926
LT13,2024-11-12,40,2.0163934426229506,0.4655172413793104,1.5508762012436401
LT13,2024-11-12,50,1.890625,0.4444444444444445,1.4461805555555556
LT13,2024-11-12,60,1.8153846153846152,0.47619047619047616,1.3391941391941389
LT13,2024-11-12,70,1.7500000000000002,0.5573770491803279,1.1926229508196724
LT13,2024-11-12,80,1.65625,0.6,1.05625
LT13,2024-11-12,90,1.4923076923076921,0.5873015873015873,0.9050061050061048
LT11,2024-11-12,10,2.6666666666666665,0.6756756756756757,1.9909909909909909
LT11,2024-11-12,20,2.0869565217391304,0.5853658536585366,1.5015906680805937
LT11,2024-11-12,30,1.8305084745762714,0.68,1.1505084745762715
LT11,2024-11-12,40,2.0483870967741935,0.7843137254901961,1.2640733712839975
LT11,2024-11-12,50,2.1311475409836067,0.7758620689655173,1.3552854720180894
LT11,2024-11-12,60,2.0793650793650795,0.8360655737704918,1.2432995055945877
LT11,2024-11-12,70,2,0.8615384615384616,1.1384615384615384
LT11,2024-11-12,80,1.9014084507042255,0.8923076923076922,1.0091007583965332
LT11,2024-11-12,90,1.6986301369863015,0.8208955223880597,0.8777346145982418
LT14,2024-11-12,10,1.7105263157894737,0.41935483870967744,1.2911714770797962
LT14,2024-11-12,20,1.4423076923076923,0.42857142857142855,1.0137362637362637
LT14,2024-11-12,30,1.8888888888888888,0.5,1.3888888888888888
LT14,2024-11-12,40,2,0.4909090909090909,1.509090909090909
LT14,2024-11-12,50,1.8833333333333333,0.4736842105263159,1.4096491228070174
LT14,2024-11-12,60,1.8474576271186443,0.5178571428571428,1.3296004842615015
LT14,2024-11-12,70,1.7384615384615383,0.5555555555555555,1.1829059829059827
LT14,2024-11-12,80,1.764705882352941,0.6470588235294117,1.1176470588235292
LT14,2024-11-12,90,1.6338028169014085,0.6575342465753424,0.9762685703260661
LT22,2024-11-12,10,4.8181818181818175,5.024390243902439,0
LT22,2024-11-12,20,4.183673469387755,4.605263157894737,0
LT22,2024-11-12,30,3.5306122448979593,3.75,0
LT22,2024-11-12,40,3.0625,3.325,0
LT22,2024-11-12,50,2.490566037735849,2.697674418604651,0
LT22,2024-11-12,60,2.196428571428571,2.2666666666666666,0
LT22,2024-11-12,70,1.9032258064516128,1.7884615384615385,0.11476426799007422
LT22,2024-11-12,80,1.7910447761194028,1.5357142857142856,0.25533049040511724
LT22,2024-11-12,90,1.6521739130434783,1.3166666666666669,0.3355072463768114
LT23,2024-11-12,10,2.0869565217391304,0.7999999999999999,1.2869565217391306
LT23,2024-11-12,20,2.8000000000000003,0.7419354838709677,2.0580645161290327
LT23,2024-11-12,30,2.0851063829787235,0.5853658536585366,1.4997405293201869
LT23,2024-11-12,40,1.75,0.5625000000000001,1.1875
LT23,2024-11-12,50,1.660377358490566,0.5283018867924528,1.132075471698113
LT23,2024-11-12,60,1.5438596491228072,0.5263157894736842,1.0175438596491229
LT23,2024-11-12,70,1.5344827586206897,0.6071428571428571,0.9273399014778326
LT23,2024-11-12,80,1.5245901639344264,0.6440677966101696,0.8805223673242568
LT23,2024-11-12,90,1.3692307692307693,0.6290322580645161,0.7401985111662531
LT21,2024-11-12,10,5.324999999999999,3.5000000000000004,1.8249999999999988
LT21,2024-11-12,20,3.7837837837837838,3.096774193548387,0.6870095902353968
LT21,2024-11-12,30,2.738095238095238,2.428571428571429,0.3095238095238093
LT21,2024-11-12,40,2.3,1.8571428571428572,0.4428571428571426
LT21,2024-11-12,50,2.36,1.711111111111111,0.6488888888888888
LT21,2024-11-12,60,2.222222222222222,1.52,0.7022222222222219
LT21,2024-11-12,70,2.1578947368421053,1.490566037735849,0.6673286991062564
LT21,2024-11-12,80,2.1147540983606556,1.3620689655172415,0.7526851328434141
LT21,2024-11-12,90,1.8484848484848484,1.1935483870967742,0.6549364613880742
LT24,2024-11-12,10,1.3235294117647058,0.65,0.6735294117647058
LT24,2024-11-12,20,1.6585365853658538,0.6666666666666666,0.9918699186991872
LT24,2024-11-12,30,1.4901960784313726,0.627906976744186,0.8622891016871865
LT24,2024-11-12,40,1.3559322033898307,0.6,0.7559322033898307
LT24,2024-11-12,50,1.55,0.7450980392156863,0.8049019607843138
LT24,2024-11-12,60,1.523076923076923,0.7962962962962963,0.7267806267806267
LT24,2024-11-12,70,1.5522388059701493,0.7586206896551725,0.7936181163149768
LT24,2024-11-12,80,1.5588235294117647,0.7704918032786885,0.7883317261330762
LT24,2024-11-12,90,1.4285714285714286,0.7460317460317459,0.6825396825396827
LT32,2024-11-12,10,3.6279069767441863,5.170731707317073,0
LT32,2024-11-12,20,4.931034482758621,5.5576923076923075,0
LT32,2024-11-12,30,4.224137931034483,4.979166666666667,0
LT32,2024-11-12,40,3.5000000000000004,4.081632653061225,0
LT32,2024-11-12,50,2.95,3.056603773584906,0
LT32,2024-11-12,60,2.3968253968253967,2.4727272727272727,0
LT32,2024-11-12,70,2.1612903225806455,1.966101694915254,0.19518862766539136
LT32,2024-11-12,80,1.9375,1.59375,0.34375
LT32,2024-11-12,90,1.691176470588235,1.338235294117647,0.3529411764705881
LT33,2024-11-12,10,0.48571428571428577,0.5652173913043478,0
LT33,2024-11-12,20,0.42857142857142855,0.4571428571428572,0
LT33,2024-11-12,30,0.58,0.5333333333333333,0.046666666666666634
LT33,2024-11-12,40,0.7090909090909091,0.6875000000000001,0.021590909090908994
LT33,2024-11-12,50,0.7833333333333333,0.6666666666666666,0.1166666666666667
LT33,2024-11-12,60,0.8088235294117647,0.6271186440677966,0.18170488534396811
LT33,2024-11-12,70,0.9857142857142857,0.6949152542372882,0.2907990314769975
LT33,2024-11-12,80,1.136986301369863,0.7377049180327869,0.39928138333707597
LT33,2024-11-12,90,1.136986301369863,0.7142857142857143,0.4227005870841486
LT31,2024-11-12,10,4.420289855072464,1.0588235294117647,3.3614663256606994
LT31,2024-11-12,20,2.6428571428571432,1.0196078431372548,1.6232492997198884
LT31,2024-11-12,30,2.6825396825396823,1.2448979591836735,1.4376417233560088
LT31,2024-11-12,40,2.2794117647058822,1.1923076923076923,1.08710407239819
LT31,2024-11-12,50,2.041095890410959,1.0517241379310345,0.9893717524799246
LT31,2024-11-12,60,2.0547945205479454,1.15,0.9047945205479455
LT31,2024-11-12,70,2.081081081081081,1.2833333333333334,0.7977477477477477
LT31,2024-11-12,80,2.013333333333333,1.2153846153846155,0.7979487179487177
LT31,2024-11-12,90,1.7894736842105263,1.121212121212121,0.6682615629984052
LT34,2024-11-12,10,2.6875,1.3409090909090908,1.3465909090909092
LT34,2024-11-12,20,2.846153846153846,1.1304347826086956,1.7157190635451502
LT34,2024-11-12,30,2.72,0.94,1.7800000000000002
LT34,2024-11-12,40,2.339285714285714,0.9444444444444444,1.3948412698412695
LT34,2024-11-12,50,2.2068965517241383,0.9285714285714285,1.27832512315271
LT34,2024-11-12,60,2.0161290322580645,0.819672131147541,1.1964569011105235
LT34,2024-11-12,70,1.9253731343283582,0.8,1.1253731343283582
LT34,2024-11-12,80,1.902777777777778,0.8059701492537313,1.0968076285240467
LT34,2024-11-12,90,1.767123287671233,0.7536231884057972,1.013500099265436
LT42,2024-11-12,10,5.961538461538462,8.314814814814815,0
LT42,2024-11-12,20,4.56,5.711538461538462,0
LT42,2024-11-12,30,3.2352941176470584,4.416666666666667,0
LT42,2024-11-12,40,2.7777777777777777,3.2941176470588234,0
LT42,2024-11-12,50,2.360655737704918,2.6346153846153846,0
LT42,2024-11-12,60,2.0615384615384618,2.0350877192982457,0.02645074224021604
LT42,2024-11-12,70,1.8285714285714287,1.7000000000000002,0.12857142857142856
LT42,2024-11-12,80,1.8,1.4603174603174605,0.3396825396825396
LT42,2024-11-12,90,1.5866666666666667,1.28125,0.30541666666666667
LT43,2024-11-12,10,2.5135135135135136,1.111111111111111,1.4024024024024027
LT43,2024-11-12,20,1.6037735849056602,1.4545454545454544,0.14922813036020588
LT43,2024-11-12,30,1.3962264150943395,1.1282051282051282,0.26802128688921134
LT43,2024-11-12,40,1.280701754385965,0.82,0.46070175438596495
LT43,2024-11-12,50,1.2950819672131149,0.7454545454545454,0.5496274217585695
LT43,2024-11-12,60,1.3384615384615384,0.7457627118644068,0.5926988265971316
LT43,2024-11-12,70,1.426470588235294,0.8135593220338984,0.6129112662013956
LT43,2024-11-12,80,1.5000000000000002,0.7903225806451613,0.709677419354839
LT43,2024-11-12,90,1.381578947368421,0.75,0.631578947368421
LT41,2024-11-12,10,1.543478260869565,0.19999999999999998,1.343478260869565
LT41,2024-11-12,20,1.8703703703703702,0.40816326530612246,1.4622071050642478
LT41,2024-11-12,30,1.7258064516129032,0.6153846153846154,1.1104218362282878
LT41,2024-11-12,40,1.857142857142857,1.1153846153846152,0.7417582417582418
LT41,2024-11-12,50,2.126984126984127,1.4339622641509433,0.6930218628331837
LT41,2024-11-12,60,2.292307692307692,1.5357142857142856,0.7565934065934066
LT41,2024-11-12,70,2.3857142857142857,1.6034482758620692,0.7822660098522165
LT41,2024-11-12,80,2.430555555555556,1.540983606557377,0.8895719489981788
LT41,2024-11-12,90,2.1891891891891895,1.34375,0.8454391891891895
LT44,2024-11-12,10,0.2,0.40909090909090906,0
LT44,2024-11-12,20,0.7647058823529411,0.5277777777777778,0.23692810457516333
LT44,2024-11-12,30,1.205128205128205,0.6666666666666667,0.5384615384615383
LT44,2024-11-12,40,1.3617021276595747,0.8222222222222222,0.5394799054373525
LT44,2024-11-12,50,1.4310344827586208,0.8076923076923076,0.6233421750663132
LT44,2024-11-12,60,1.5,0.7758620689655173,0.7241379310344827
LT44,2024-11-12,70,1.5970149253731343,0.7704918032786885,0.8265231220944458
LT44,2024-11-12,80,1.6285714285714286,0.7777777777777778,0.8507936507936508
LT44,2024-11-12,90,1.5492957746478875,0.75,0.7992957746478875
LT52,2024-11-12,10,0.4545454545454546,0.36363636363636365,0.09090909090909094
LT52,2024-11-12,20,0.5882352941176471,0.3666666666666667,0.22156862745098038
LT52,2024-11-12,30,0.7045454545454546,0.41860465116279066,0.2859408033826639
LT52,2024-11-12,40,0.6981132075471698,0.4791666666666667,0.21894654088050308
LT52,2024-11-12,50,0.7857142857142857,0.5471698113207547,0.238544474393531
LT52,2024-11-12,60,0.9107142857142857,0.5892857142857143,0.3214285714285714
LT52,2024-11-12,70,1.0166666666666666,0.6379310344827587,0.37873563218390793
LT52,2024-11-12,80,1.109375,0.65,0.459375
LT52,2024-11-12,90,1.0757575757575757,0.639344262295082,0.4364133134624937
LT53,2024-11-12,10,0.23076923076923075,0.4545454545454546,0
LT53,2024-11-12,20,0.8000000000000002,0.6666666666666667,0.13333333333333341
LT53,2024-11-12,30,1.1219512195121952,0.5660377358490566,0.5559134836631386
LT53,2024-11-12,40,1.3181818181818181,0.5593220338983051,0.758859784283513
LT53,2024-11-12,50,1.434782608695652,0.564516129032258,0.8702664796633941
LT53,2024-11-12,60,1.3333333333333333,0.5757575757575757,0.7575757575757576
LT53,2024-11-12,70,1.3833333333333333,0.6176470588235293,0.765686274509804
LT53,2024-11-12,80,1.424242424242424,0.6617647058823529,0.7624777183600712
LT53,2024-11-12,90,1.342857142857143,0.6376811594202899,0.7051759834368531
LT51,2024-11-12,10,1.088235294117647,0.5,0.588235294117647
LT51,2024-11-12,20,2.0392156862745097,0.4473684210526316,1.591847265221878
LT51,2024-11-12,30,2.056603773584906,0.4444444444444444,1.6121593291404615
LT51,2024-11-12,40,1.9285714285714286,0.48333333333333334,1.4452380952380952
LT51,2024-11-12,50,2,0.5151515151515151,1.4848484848484849
LT51,2024-11-12,60,2,0.6376811594202899,1.36231884057971
LT51,2024-11-12,70,2.0869565217391304,0.7611940298507462,1.3257624918883841
LT51,2024-11-12,80,1.9594594594594594,0.8088235294117647,1.1506359300476947
LT51,2024-11-12,90,1.8399999999999999,0.7761194029850746,1.0638805970149252
LT54,2024-11-12,10,1.8636363636363635,0.625,1.2386363636363635
LT54,2024-11-12,20,2,1.75,0.25
LT54,2024-11-12,30,2.2115384615384612,1.7708333333333333,0.44070512820512797
LT54,2024-11-12,40,2.0338983050847457,1.607142857142857,0.4267554479418887
LT54,2024-11-12,50,1.9672131147540983,1.4745762711864407,0.4926368435676576
LT54,2024-11-12,60,2.015151515151515,1.4666666666666668,0.5484848484848484
LT54,2024-11-12,70,2.057971014492754,1.403225806451613,0.6547452080411409
LT54,2024-11-12,80,2.1232876712328768,1.34375,0.7795376712328768
LT54,2024-11-12,90,2.0675675675675675,1.265625,0.8019425675675675
LT62,2024-11-12,10,0,0.35000000000000003,0
LT62,2024-11-12,20,0.05555555555555556,0.3870967741935484,0
LT62,2024-11-12,30,0.16,0.33333333333333337,0
LT62,2024-11-12,40,0.29411764705882354,0.3548387096774194,0
LT62,2024-11-12,50,0.47058823529411764,0.4153846153846154,0.05520361990950223
LT62,2024-11-12,60,0.5499999999999999,0.45588235294117646,0.09411764705882347
LT62,2024-11-12,70,0.6904761904761905,0.5223880597014925,0.16808813077469797
LT62,2024-11-12,80,0.8260869565217391,0.5671641791044776,0.25892277741726155
LT62,2024-11-12,90,0.82,0.5671641791044776,0.25283582089552237
LT63,2024-11-12,10,0.4444444444444445,0.7083333333333334,0
LT63,2024-11-12,20,0.95,0.5952380952380952,0.3547619047619047
LT63,2024-11-12,30,1.0416666666666667,0.5555555555555555,0.48611111111111127
LT63,2024-11-12,40,1,0.6545454545454544,0.34545454545454557
LT63,2024-11-12,50,1.0476190476190477,0.7818181818181817,0.2658008658008659
LT63,2024-11-12,60,1.2093023255813955,0.7894736842105264,0.41982864137086906
LT63,2024-11-12,70,1.2173913043478262,0.7796610169491526,0.4377302873986736
LT63,2024-11-12,80,1.2857142857142858,0.7966101694915254,0.4891041162227604
LT63,2024-11-12,90,1.2264150943396226,0.7796610169491526,0.44675407739047
LT61,2024-11-12,10,0.125,0.3548387096774194,0
LT61,2024-11-12,20,0.6896551724137931,0.39999999999999997,0.2896551724137932
LT61,2024-11-12,30,1.5151515151515151,0.5217391304347826,0.9934123847167325
LT61,2024-11-12,40,1.625,0.6153846153846154,1.0096153846153846
LT61,2024-11-12,50,1.7272727272727273,0.7090909090909091,1.018181818181818
LT61,2024-11-12,60,1.5918367346938775,0.6833333333333333,0.9085034013605442
LT61,2024-11-12,70,1.462962962962963,0.6825396825396826,0.7804232804232805
LT61,2024-11-12,80,1.4385964912280702,0.7460317460317459,0.6925647451963243
LT61,2024-11-12,90,1.3166666666666669,0.7301587301587302,0.5865079365079366
LT64,2024-11-12,10,3.310344827586207,3.4285714285714284,0
LT64,2024-11-12,20,3.3333333333333335,3.4615384615384617,0
LT64,2024-11-12,30,3.361111111111111,3.4333333333333336,0
LT64,2024-11-12,40,2.8499999999999996,3.0000000000000004,0
LT64,2024-11-12,50,2.7555555555555555,2.9302325581395348,0
LT64,2024-11-12,60,2.673076923076923,2.6470588235294117,0.02601809954751122
LT64,2024-11-12,70,2.724137931034483,2.527272727272727,0.1968652037617562
LT64,2024-11-12,80,2.7049180327868854,2.3333333333333335,0.3715846994535519
LT64,2024-11-12,90,2.34375,2.0701754385964914,0.27357456140350855
LT12,2024-12-02,10,6.375,7.08,0
LT12,2024-12-02,20,6.609756097560976,6.707317073170732,0
LT12,2024-12-02,30,4.909090909090909,5.142857142857143,0
LT12,2024-12-02,40,3.533333333333333,3.6511627906976747,0
LT12,2024-12-02,50,2.782608695652174,2.7727272727272725,0.00988142292490135
LT12,2024-12-02,60,2.16,2.1063829787234045,0.05361702127659562
LT12,2024-12-02,70,1.9245283018867925,1.7058823529411764,0.21864594894561606
LT12,2024-12-02,80,1.728813559322034,1.3859649122807018,0.3428486470413321
LT12,2024-12-02,90,1.5161290322580645,1.180327868852459,0.3358011634056055
LT13,2024-12-02,10,0.47368421052631576,0.47826086956521735,0
LT13,2024-12-02,20,0.45454545454545453,0.3863636363636364,0.06818181818181812
LT13,2024-12-02,30,0.4651162790697675,0.4074074074074074,0.057708871662360106
LT13,2024-12-02,40,0.54,0.4655172413793104,0.07448275862068965
LT13,2024-12-02,50,0.5172413793103449,0.4444444444444445,0.07279693486590039
LT13,2024-12-02,60,0.5625,0.47619047619047616,0.08630952380952384
LT13,2024-12-02,70,0.703125,0.5573770491803279,0.14574795081967207
LT13,2024-12-02,80,0.8125,0.6,0.21250000000000002
LT13,2024-12-02,90,0.8307692307692308,0.5873015873015873,0.2434676434676435
LT11,2024-12-02,10,0.65625,0.6756756756756757,0
LT11,2024-12-02,20,0.5945945945945946,0.5853658536585366,0.009228740936058077
LT11,2024-12-02,30,0.7083333333333334,0.68,0.02833333333333332
LT11,2024-12-02,40,0.8269230769230769,0.7843137254901961,0.042609351432880804
LT11,2024-12-02,50,0.8524590163934427,0.7758620689655173,0.07659694742792533
LT11,2024-12-02,60,0.9846153846153846,0.8360655737704918,0.14854981084489272
LT11,2024-12-02,70,1.1159420289855073,0.8615384615384616,0.25440356744704573
LT11,2024-12-02,80,1.2173913043478262,0.8923076923076922,0.3250836120401339
LT11,2024-12-02,90,1.1408450704225352,0.8208955223880597,0.3199495480344755
LT14,2024-12-02,10,0.3333333333333333,0.41935483870967744,0
LT14,2024-12-02,20,0.45833333333333337,0.42857142857142855,0.029761904761904823
LT14,2024-12-02,30,0.58,0.5,0.07999999999999996
LT14,2024-12-02,40,0.5740740740740741,0.4909090909090909,0.08316498316498316
LT14,2024-12-02,50,0.5862068965517242,0.4736842105263159,0.11252268602540832
LT14,2024-12-02,60,0.6842105263157896,0.5178571428571428,0.1663533834586468
LT14,2024-12-02,70,0.7936507936507936,0.5555555555555555,0.23809523809523814
LT14,2024-12-02,80,0.9701492537313433,0.6470588235294117,0.3230904302019316
LT14,2024-12-02,90,1,0.6575342465753424,0.34246575342465757
LT22,2024-12-02,10,4.199999999999999,5.024390243902439,0
LT22,2024-12-02,20,3.945945945945946,4.605263157894737,0
LT22,2024-12-02,30,3.1794871794871793,3.75,0
LT22,2024-12-02,40,2.897435897435897,3.325,0
LT22,2024-12-02,50,2.3953488372093026,2.697674418604651,0
LT22,2024-12-02,60,2.111111111111111,2.2666666666666666,0
LT22,2024-12-02,70,1.803921568627451,1.7884615384615385,0.015460030165912464
LT22,2024-12-02,80,1.6607142857142856,1.5357142857142856,0.125
LT22,2024-12-02,90,1.4666666666666668,1.3166666666666669,0.1499999999999999
LT23,2024-12-02,10,0.4545454545454546,0.7999999999999999,0
LT23,2024-12-02,20,0.5666666666666668,0.7419354838709677,0
LT23,2024-12-02,30,0.5526315789473684,0.5853658536585366,0
LT23,2024-12-02,40,0.5,0.5625000000000001,0
LT23,2024-12-02,50,0.49056603773584906,0.5283018867924528,0
LT23,2024-12-02,60,0.5172413793103449,0.5263157894736842,0
LT23,2024-12-02,70,0.639344262295082,0.6071428571428571,0.032201405152224916
LT23,2024-12-02,80,0.7727272727272727,0.6440677966101696,0.12865947611710316
LT23,2024-12-02,90,0.7826086956521741,0.6290322580645161,0.15357643758765793
LT21,2024-12-02,10,3.071428571428571,3.5000000000000004,0
LT21,2024-12-02,20,2.8275862068965516,3.096774193548387,0
LT21,2024-12-02,30,2.085714285714286,2.428571428571429,0
LT21,2024-12-02,40,1.6190476190476193,1.8571428571428572,0
LT21,2024-12-02,50,1.543478260869565,1.711111111111111,0
LT21,2024-12-02,60,1.4509803921568627,1.52,0
LT21,2024-12-02,70,1.5090909090909088,1.490566037735849,0.01852487135505987
LT21,2024-12-02,80,1.5333333333333334,1.3620689655172415,0.1712643678160919
LT21,2024-12-02,90,1.4126984126984128,1.1935483870967742,0.21915002560163854
LT24,2024-12-02,10,1,0.65,0.35
LT24,2024-12-02,20,0.9000000000000001,0.6666666666666666,0.2333333333333335
LT24,2024-12-02,30,0.7073170731707317,0.627906976744186,0.07941009642654562
LT24,2024-12-02,40,0.7083333333333334,0.6,0.10833333333333339
LT24,2024-12-02,50,0.86,0.7450980392156863,0.1149019607843137
LT24,2024-12-02,60,0.9090909090909091,0.7962962962962963,0.11279461279461278
LT24,2024-12-02,70,0.9491525423728815,0.7586206896551725,0.190531852717709
LT24,2024-12-02,80,0.9846153846153846,0.7704918032786885,0.21412358133669607
LT24,2024-12-02,90,0.9558823529411764,0.7460317460317459,0.20985060690943047
LT32,2024-12-02,10,4.214285714285714,5.170731707317073,0
LT32,2024-12-02,20,4.909090909090909,5.5576923076923075,0
LT32,2024-12-02,30,4.612244897959183,4.979166666666667,0
LT32,2024-12-02,40,3.84,4.081632653061225,0
LT32,2024-12-02,50,3.056603773584906,3.056603773584906,0
LT32,2024-12-02,60,2.545454545454545,2.4727272727272727,0.07272727272727231
LT32,2024-12-02,70,2.1724137931034484,1.966101694915254,0.2063120981881943
LT32,2024-12-02,80,1.9193548387096773,1.59375,0.32560483870967727
LT32,2024-12-02,90,1.6818181818181819,1.338235294117647,0.3435828877005349
LT33,2024-12-02,10,0.42857142857142855,0.5652173913043478,0
LT33,2024-12-02,20,0.37142857142857144,0.4571428571428572,0
LT33,2024-12-02,30,0.5348837209302326,0.5333333333333333,0.0015503875968992942
LT33,2024-12-02,40,0.7021276595744682,0.6875000000000001,0.0146276595744681
LT33,2024-12-02,50,0.7358490566037735,0.6666666666666666,0.0691823899371069
LT33,2024-12-02,60,0.7457627118644068,0.6271186440677966,0.11864406779661019
LT33,2024-12-02,70,0.9047619047619047,0.6949152542372882,0.20984665052461648
LT33,2024-12-02,80,1.09375,0.7377049180327869,0.3560450819672131
LT33,2024-12-02,90,1.0597014925373134,0.7142857142857143,0.3454157782515991
LT31,2024-12-02,10,0.8780487804878049,1.0588235294117647,0
LT31,2024-12-02,20,0.8913043478260869,1.0196078431372548,0
LT31,2024-12-02,30,1.173913043478261,1.2448979591836735,0
LT31,2024-12-02,40,1.2040816326530612,1.1923076923076923,0.011773940345368938
LT31,2024-12-02,50,1.1481481481481481,1.0517241379310345,0.09642401021711366
LT31,2024-12-02,60,1.3333333333333335,1.15,0.18333333333333357
LT31,2024-12-02,70,1.5423728813559323,1.2833333333333334,0.2590395480225989
LT31,2024-12-02,80,1.546875,1.2153846153846155,0.3314903846153845
LT31,2024-12-02,90,1.4687499999999998,1.121212121212121,0.3475378787878787
LT34,2024-12-02,10,1.2244897959183674,1.3409090909090908,0
LT34,2024-12-02,20,1.2765957446808511,1.1304347826086956,0.14616096207215556
LT34,2024-12-02,30,1.0816326530612246,0.94,0.14163265306122463
LT34,2024-12-02,40,1.0526315789473684,0.9444444444444444,0.10818713450292394
LT34,2024-12-02,50,1.0163934426229508,0.9285714285714285,0.08782201405152235
LT34,2024-12-02,60,1.0476190476190477,0.819672131147541,0.22794691647150667
LT34,2024-12-02,70,1.1363636363636362,0.8,0.3363636363636362
LT34,2024-12-02,80,1.3088235294117647,0.8059701492537313,0.5028533801580334
LT34,2024-12-02,90,1.2361111111111112,0.7536231884057972,0.48248792270531393
LT42,2024-12-02,10,6.6,8.314814814814815,0
LT42,2024-12-02,20,4.901960784313726,5.711538461538462,0
LT42,2024-12-02,30,3.666666666666667,4.416666666666667,0
LT42,2024-12-02,40,2.86,3.2941176470588234,0
LT42,2024-12-02,50,2.30188679245283,2.6346153846153846,0
LT42,2024-12-02,60,1.8166666666666669,2.0350877192982457,0
LT42,2024-12-02,70,1.625,1.7000000000000002,0
LT42,2024-12-02,80,1.5294117647058822,1.4603174603174605,0.06909430438842179
LT42,2024-12-02,90,1.356164383561644,1.28125,0.07491438356164393
LT43,2024-12-02,10,0.8,1.111111111111111,0
LT43,2024-12-02,20,1.0285714285714287,1.4545454545454544,0
LT43,2024-12-02,30,0.8372093023255813,1.1282051282051282,0
LT43,2024-12-02,40,0.74,0.82,0
LT43,2024-12-02,50,0.7142857142857143,0.7454545454545454,0
LT43,2024-12-02,60,0.7833333333333333,0.7457627118644068,0.037570621468926535
LT43,2024-12-02,70,0.9516129032258064,0.8135593220338984,0.13805358119190803
LT43,2024-12-02,80,1.0769230769230769,0.7903225806451613,0.2866004962779156
LT43,2024-12-02,90,1.042857142857143,0.75,0.2928571428571429
LT41,2024-12-02,10,0.23529411764705882,0.19999999999999998,0.03529411764705884
LT41,2024-12-02,20,0.3829787234042553,0.40816326530612246,0
LT41,2024-12-02,30,0.5849056603773585,0.6153846153846154,0
LT41,2024-12-02,40,1.111111111111111,1.1153846153846152,0
LT41,2024-12-02,50,1.4909090909090907,1.4339622641509433,0.05694682675814744
LT41,2024-12-02,60,1.6500000000000001,1.5357142857142856,0.11428571428571455
LT41,2024-12-02,70,1.7999999999999998,1.6034482758620692,0.19655172413793065
LT41,2024-12-02,80,1.8695652173913044,1.540983606557377,0.32858161083392745
LT41,2024-12-02,90,1.710144927536232,1.34375,0.36639492753623193
LT44,2024-12-02,10,0.22222222222222224,0.40909090909090906,0
LT44,2024-12-02,20,0.3333333333333333,0.5277777777777778,0
LT44,2024-12-02,30,0.48648648648648646,0.6666666666666667,0
LT44,2024-12-02,40,0.6666666666666667,0.8222222222222222,0
LT44,2024-12-02,50,0.7058823529411764,0.8076923076923076,0
LT44,2024-12-02,60,0.7931034482758622,0.7758620689655173,0.017241379310344862
LT44,2024-12-02,70,0.9047619047619047,0.7704918032786885,0.13427010148321616
LT44,2024-12-02,80,1.0454545454545454,0.7777777777777778,0.2676767676767676
LT44,2024-12-02,90,1.0441176470588234,0.75,0.2941176470588234
LT52,2024-12-02,10,0.2,0.36363636363636365,0
LT52,2024-12-02,20,0.2608695652173913,0.3666666666666667,0
LT52,2024-12-02,30,0.3055555555555556,0.41860465116279066,0
LT52,2024-12-02,40,0.3409090909090909,0.4791666666666667,0
LT52,2024-12-02,50,0.40816326530612246,0.5471698113207547,0
LT52,2024-12-02,60,0.45283018867924524,0.5892857142857143,0
LT52,2024-12-02,70,0.5272727272727272,0.6379310344827587,0
LT52,2024-12-02,80,0.5862068965517242,0.65,0
LT52,2024-12-02,90,0.6,0.639344262295082,0
LT53,2024-12-02,10,0.2380952380952381,0.4545454545454546,0
LT53,2024-12-02,20,0.3636363636363636,0.6666666666666667,0
LT53,2024-12-02,30,0.29545454545454547,0.5660377358490566,0
LT53,2024-12-02,40,0.32075471698113206,0.5593220338983051,0
LT53,2024-12-02,50,0.3387096774193548,0.564516129032258,0
LT53,2024-12-02,60,0.3846153846153846,0.5757575757575757,0
LT53,2024-12-02,70,0.47761194029850745,0.6176470588235293,0
LT53,2024-12-02,80,0.5507246376811594,0.6617647058823529,0
LT53,2024-12-02,90,0.5714285714285715,0.6376811594202899,0
LT51,2024-12-02,10,0.25,0.5,0
LT51,2024-12-02,20,0.25806451612903225,0.4473684210526316,0
LT51,2024-12-02,30,0.2916666666666667,0.4444444444444444,0
LT51,2024-12-02,40,0.35185185185185186,0.48333333333333334,0
LT51,2024-12-02,50,0.42622950819672134,0.5151515151515151,0
LT51,2024-12-02,60,0.5846153846153846,0.6376811594202899,0
LT51,2024-12-02,70,0.7424242424242424,0.7611940298507462,0
LT51,2024-12-02,80,0.8507462686567163,0.8088235294117647,0.0419227392449516
LT51,2024-12-02,90,0.8636363636363635,0.7761194029850746,0.08751696065128889
LT54,2024-12-02,10,0.368421052631579,0.625,0
LT54,2024-12-02,20,1.2142857142857142,1.75,0
LT54,2024-12-02,30,1.146341463414634,1.7708333333333333,0
LT54,2024-12-02,40,1.0185185185185186,1.607142857142857,0
LT54,2024-12-02,50,1.0701754385964912,1.4745762711864407,0
LT54,2024-12-02,60,1.1833333333333333,1.4666666666666668,0
LT54,2024-12-02,70,1.2380952380952381,1.403225806451613,0
LT54,2024-12-02,80,1.3125,1.34375,0
LT54,2024-12-02,90,1.2615384615384615,1.265625,0
LT62,2024-12-02,10,0.5454545454545454,0.35000000000000003,0.19545454545454538
LT62,2024-12-02,20,0.5,0.3870967741935484,0.11290322580645162
LT62,2024-12-02,30,0.4107142857142857,0.33333333333333337,0.07738095238095233
LT62,2024-12-02,40,0.4477611940298507,0.3548387096774194,0.09292248435243133
LT62,2024-12-02,50,0.5070422535211268,0.4153846153846154,0.09165763813651134
LT62,2024-12-02,60,0.6056338028169014,0.45588235294117646,0.14975144987572492
LT62,2024-12-02,70,0.7571428571428572,0.5223880597014925,0.23475479744136474
LT62,2024-12-02,80,0.9130434782608696,0.5671641791044776,0.34587929915639204
LT62,2024-12-02,90,0.9,0.5671641791044776,0.33283582089552244
LT63,2024-12-02,10,0.5909090909090909,0.7083333333333334,0
LT63,2024-12-02,20,0.4761904761904762,0.5952380952380952,0
LT63,2024-12-02,30,0.49056603773584906,0.5555555555555555,0
LT63,2024-12-02,40,0.6428571428571428,0.6545454545454544,0
LT63,2024-12-02,50,0.8749999999999999,0.7818181818181817,0.09318181818181814
LT63,2024-12-02,60,1,0.7894736842105264,0.21052631578947356
LT63,2024-12-02,70,1.0862068965517242,0.7796610169491526,0.3065458796025716
LT63,2024-12-02,80,1.1694915254237288,0.7966101694915254,0.3728813559322034
LT63,2024-12-02,90,1.1333333333333335,0.7796610169491526,0.35367231638418095
LT61,2024-12-02,10,0.48484848484848486,0.3548387096774194,0.1300097751710655
LT61,2024-12-02,20,0.5348837209302326,0.39999999999999997,0.13488372093023265
LT61,2024-12-02,30,0.5961538461538461,0.5217391304347826,0.07441471571906355
LT61,2024-12-02,40,0.7,0.6153846153846154,0.08461538461538454
LT61,2024-12-02,50,0.8,0.7090909090909091,0.09090909090909094
LT61,2024-12-02,60,0.8285714285714285,0.6833333333333333,0.14523809523809517
LT61,2024-12-02,70,0.9014084507042254,0.6825396825396826,0.21886876816454282
LT61,2024-12-02,80,1.028169014084507,0.7460317460317459,0.28213726805276107
LT61,2024-12-02,90,1.0294117647058822,0.7301587301587302,0.299253034547152
LT64,2024-12-02,10,3.4999999999999996,3.4285714285714284,0.07142857142857117
LT64,2024-12-02,20,3.28,3.4615384615384617,0
LT64,2024-12-02,30,3.241379310344828,3.4333333333333336,0
LT64,2024-12-02,40,2.805555555555556,3.0000000000000004,0
LT64,2024-12-02,50,2.7954545454545454,2.9302325581395348,0
LT64,2024-12-02,60,2.773584905660377,2.6470588235294117,0.12652608213096528
LT64,2024-12-02,70,2.8947368421052633,2.527272727272727,0.3674641148325364
LT64,2024-12-02,80,2.8135593220338984,2.3333333333333335,0.4802259887005649
LT64,2024-12-02,90,2.435483870967742,2.0701754385964914,0.36530843237125055
LT12,2024-12-16,10,7.08,7.08,0
LT12,2024-12-16,20,6.707317073170732,6.707317073170732,0
LT12,2024-12-16,30,5.142857142857143,5.142857142857143,0
LT12,2024-12-16,40,3.6511627906976747,3.6511627906976747,0
LT12,2024-12-16,50,2.7727272727272725,2.7727272727272725,0
LT12,2024-12-16,60,2.1063829787234045,2.1063829787234045,0
LT12,2024-12-16,70,1.7058823529411764,1.7058823529411764,0
LT12,2024-12-16,80,1.3859649122807018,1.3859649122807018,0
LT12,2024-12-16,90,1.180327868852459,1.180327868852459,0
LT13,2024-12-16,10,0.47826086956521735,0.47826086956521735,0
LT13,2024-12-16,20,0.3863636363636364,0.3863636363636364,0
LT13,2024-12-16,30,0.4074074074074074,0.4074074074074074,0
LT13,2024-12-16,40,0.4655172413793104,0.4655172413793104,0
LT13,2024-12-16,50,0.4444444444444445,0.4444444444444445,0
LT13,2024-12-16,60,0.47619047619047616,0.47619047619047616,0
LT13,2024-12-16,70,0.5573770491803279,0.5573770491803279,0
LT13,2024-12-16,80,0.6,0.6,0
LT13,2024-12-16,90,0.5873015873015873,0.5873015873015873,0
LT11,2024-12-16,10,0.6756756756756757,0.6756756756756757,0
LT11,2024-12-16,20,0.5853658536585366,0.5853658536585366,0
LT11,2024-12-16,30,0.68,0.68,0
LT11,2024-12-16,40,0.7843137254901961,0.7843137254901961,0
LT11,2024-12-16,50,0.7758620689655173,0.7758620689655173,0
LT11,2024-12-16,60,0.8360655737704918,0.8360655737704918,0
LT11,2024-12-16,70,0.8615384615384616,0.8615384615384616,0
LT11,2024-12-16,80,0.8923076923076922,0.8923076923076922,0
LT11,2024-12-16,90,0.8208955223880597,0.8208955223880597,0
LT14,2024-12-16,10,0.41935483870967744,0.41935483870967744,0
LT14,2024-12-16,20,0.42857142857142855,0.42857142857142855,0
LT14,2024-12-16,30,0.5,0.5,0
LT14,2024-12-16,40,0.4909090909090909,0.4909090909090909,0
LT14,2024-12-16,50,0.4736842105263159,0.4736842105263159,0
LT14,2024-12-16,60,0.5178571428571428,0.5178571428571428,0
LT14,2024-12-16,70,0.5555555555555555,0.5555555555555555,0
LT14,2024-12-16,80,0.6470588235294117,0.6470588235294117,0
LT14,2024-12-16,90,0.6575342465753424,0.6575342465753424,0
LT22,2024-12-16,10,5.024390243902439,5.024390243902439,0
LT22,2024-12-16,20,4.605263157894737,4.605263157894737,0
LT22,2024-12-16,30,3.75,3.75,0
LT22,2024-12-16,40,3.325,3.325,0
LT22,2024-12-16,50,2.697674418604651,2.697674418604651,0
LT22,2024-12-16,60,2.2666666666666666,2.2666666666666666,0
LT22,2024-12-16,70,1.7884615384615385,1.7884615384615385,0
LT22,2024-12-16,80,1.5357142857142856,1.5357142857142856,0
LT22,2024-12-16,90,1.3166666666666669,1.3166666666666669,0
LT23,2024-12-16,10,0.7999999999999999,0.7999999999999999,0
LT23,2024-12-16,20,0.7419354838709677,0.7419354838709677,0
LT23,2024-12-16,30,0.5853658536585366,0.5853658536585366,0
LT23,2024-12-16,40,0.5625000000000001,0.5625000000000001,0
LT23,2024-12-16,50,0.5283018867924528,0.5283018867924528,0
LT23,2024-12-16,60,0.5263157894736842,0.5263157894736842,0
LT23,2024-12-16,70,0.6071428571428571,0.6071428571428571,0
LT23,2024-12-16,80,0.6440677966101696,0.6440677966101696,0
LT23,2024-12-16,90,0.6290322580645161,0.6290322580645161,0
LT21,2024-12-16,10,3.5000000000000004,3.5000000000000004,0
LT21,2024-12-16,20,3.096774193548387,3.096774193548387,0
LT21,2024-12-16,30,2.428571428571429,2.428571428571429,0
LT21,2024-12-16,40,1.8571428571428572,1.8571428571428572,0
LT21,2024-12-16,50,1.711111111111111,1.711111111111111,0
LT21,2024-12-16,60,1.52,1.52,0
LT21,2024-12-16,70,1.490566037735849,1.490566037735849,0
LT21,2024-12-16,80,1.3620689655172415,1.3620689655172415,0
LT21,2024-12-16,90,1.1935483870967742,1.1935483870967742,0
LT24,2024-12-16,10,0.65,0.65,0
LT24,2024-12-16,20,0.6666666666666666,0.6666666666666666,0
LT24,2024-12-16,30,0.627906976744186,0.627906976744186,0
LT24,2024-12-16,40,0.6,0.6,0
LT24,2024-12-16,50,0.7450980392156863,0.7450980392156863,0
LT24,2024-12-16,60,0.7962962962962963,0.7962962962962963,0
LT24,2024-12-16,70,0.7586206896551725,0.7586206896551725,0
LT24,2024-12-16,80,0.7704918032786885,0.7704918032786885,0
LT24,2024-12-16,90,0.7460317460317459,0.7460317460317459,0
LT32,2024-12-16,10,5.170731707317073,5.170731707317073,0
LT32,2024-12-16,20,5.5576923076923075,5.5576923076923075,0
LT32,2024-12-16,30,4.979166666666667,4.979166666666667,0
LT32,2024-12-16,40,4.081632653061225,4.081632653061225,0
LT32,2024-12-16,50,3.056603773584906,3.056603773584906,0
LT32,2024-12-16,60,2.4727272727272727,2.4727272727272727,0
LT32,2024-12-16,70,1.966101694915254,1.966101694915254,0
LT32,2024-12-16,80,1.59375,1.59375,0
LT32,2024-12-16,90,1.338235294117647,1.338235294117647,0
LT33,2024-12-16,10,0.5652173913043478,0.5652173913043478,0
LT33,2024-12-16,20,0.4571428571428572,0.4571428571428572,0
LT33,2024-12-16,30,0.5333333333333333,0.5333333333333333,0
LT33,2024-12-16,40,0.6875000000000001,0.6875000000000001,0
LT33,2024-12-16,50,0.6666666666666666,0.6666666666666666,0
LT33,2024-12-16,60,0.6271186440677966,0.6271186440677966,0
LT33,2024-12-16,70,0.6949152542372882,0.6949152542372882,0
LT33,2024-12-16,80,0.7377049180327869,0.7377049180327869,0
LT33,2024-12-16,90,0.7142857142857143,0.7142857142857143,0
LT31,2024-12-16,10,1.0588235294117647,1.0588235294117647,0
LT31,2024-12-16,20,1.0196078431372548,1.0196078431372548,0
LT31,2024-12-16,30,1.2448979591836735,1.2448979591836735,0
LT31,2024-12-16,40,1.1923076923076923,1.1923076923076923,0
LT31,2024-12-16,50,1.0517241379310345,1.0517241379310345,0
LT31,2024-12-16,60,1.15,1.15,0
LT31,2024-12-16,70,1.2833333333333334,1.2833333333333334,0
LT31,2024-12-16,80,1.2153846153846155,1.2153846153846155,0
LT31,2024-12-16,90,1.121212121212121,1.121212121212121,0
LT34,2024-12-16,10,1.3409090909090908,1.3409090909090908,0
LT34,2024-12-16,20,1.1304347826086956,1.1304347826086956,0
LT34,2024-12-16,30,0.94,0.94,0
LT34,2024-12-16,40,0.9444444444444444,0.9444444444444444,0
LT34,2024-12-16,50,0.9285714285714285,0.9285714285714285,0
LT34,2024-12-16,60,0.819672131147541,0.819672131147541,0
LT34,2024-12-16,70,0.8,0.8,0
LT34,2024-12-16,80,0.8059701492537313,0.8059701492537313,0
LT34,2024-12-16,90,0.7536231884057972,0.7536231884057972,0
LT42,2024-12-16,10,8.314814814814815,8.314814814814815,0
LT42,2024-12-16,20,5.711538461538462,5.711538461538462,0
LT42,2024-12-16,30,4.416666666666667,4.416666666666667,0
LT42,2024-12-16,40,3.2941176470588234,3.2941176470588234,0
LT42,2024-12-16,50,2.6346153846153846,2.6346153846153846,0
LT42,2024-12-16,60,2.0350877192982457,2.0350877192982457,0
LT42,2024-12-16,70,1.7000000000000002,1.7000000000000002,0
LT42,2024-12-16,80,1.4603174603174605,1.4603174603174605,0
LT42,2024-12-16,90,1.28125,1.28125,0
LT43,2024-12-16,10,1.111111111111111,1.111111111111111,0
LT43,2024-12-16,20,1.4545454545454544,1.4545454545454544,0
LT43,2024-12-16,30,1.1282051282051282,1.1282051282051282,0
LT43,2024-12-16,40,0.82,0.82,0
LT43,2024-12-16,50,0.7454545454545454,0.7454545454545454,0
LT43,2024-12-16,60,0.7457627118644068,0.7457627118644068,0
LT43,2024-12-16,70,0.8135593220338984,0.8135593220338984,0
LT43,2024-12-16,80,0.7903225806451613,0.7903225806451613,0
LT43,2024-12-16,90,0.75,0.75,0
LT41,2024-12-16,10,0.19999999999999998,0.19999999999999998,0
LT41,2024-12-16,20,0.40816326530612246,0.40816326530612246,0
LT41,2024-12-16,30,0.6153846153846154,0.6153846153846154,0
LT41,2024-12-16,40,1.1153846153846152,1.1153846153846152,0
LT41,2024-12-16,50,1.4339622641509433,1.4339622641509433,0
LT41,2024-12-16,60,1.5357142857142856,1.5357142857142856,0
LT41,2024-12-16,70,1.6034482758620692,1.6034482758620692,0
LT41,2024-12-16,80,1.540983606557377,1.540983606557377,0
LT41,2024-12-16,90,1.34375,1.34375,0
LT44,2024-12-16,10,0.40909090909090906,0.40909090909090906,0
LT44,2024-12-16,20,0.5277777777777778,0.5277777777777778,0
LT44,2024-12-16,30,0.6666666666666667,0.6666666666666667,0
LT44,2024-12-16,40,0.8222222222222222,0.8222222222222222,0
LT44,2024-12-16,50,0.8076923076923076,0.8076923076923076,0
LT44,2024-12-16,60,0.7758620689655173,0.7758620689655173,0
LT44,2024-12-16,70,0.7704918032786885,0.7704918032786885,0
LT44,2024-12-16,80,0.7777777777777778,0.7777777777777778,0
LT44,2024-12-16,90,0.75,0.75,0
LT52,2024-12-16,10,0.36363636363636365,0.36363636363636365,0
LT52,2024-12-16,20,0.3666666666666667,0.3666666666666667,0
LT52,2024-12-16,30,0.41860465116279066,0.41860465116279066,0
LT52,2024-12-16,40,0.4791666666666667,0.4791666666666667,0
LT52,2024-12-16,50,0.5471698113207547,0.5471698113207547,0
LT52,2024-12-16,60,0.5892857142857143,0.5892857142857143,0
LT52,2024-12-16,70,0.6379310344827587,0.6379310344827587,0
LT52,2024-12-16,80,0.65,0.65,0
LT52,2024-12-16,90,0.639344262295082,0.639344262295082,0
LT53,2024-12-16,10,0.4545454545454546,0.4545454545454546,0
LT53,2024-12-16,20,0.6666666666666667,0.6666666666666667,0
LT53,2024-12-16,30,0.5660377358490566,0.5660377358490566,0
LT53,2024-12-16,40,0.5593220338983051,0.5593220338983051,0
LT53,2024-12-16,50,0.564516129032258,0.564516129032258,0
LT53,2024-12-16,60,0.5757575757575757,0.5757575757575757,0
LT53,2024-12-16,70,0.6176470588235293,0.6176470588235293,0
LT53,2024-12-16,80,0.6617647058823529,0.6617647058823529,0
LT53,2024-12-16,90,0.6376811594202899,0.6376811594202899,0
LT51,2024-12-16,10,0.5,0.5,0
LT51,2024-12-16,20,0.4473684210526316,0.4473684210526316,0
LT51,2024-12-16,30,0.4444444444444444,0.4444444444444444,0
LT51,2024-12-16,40,0.48333333333333334,0.48333333333333334,0
LT51,2024-12-16,50,0.5151515151515151,0.5151515151515151,0
LT51,2024-12-16,60,0.6376811594202899,0.6376811594202899,0
LT51,2024-12-16,70,0.7611940298507462,0.7611940298507462,0
LT51,2024-12-16,80,0.8088235294117647,0.8088235294117647,0
LT51,2024-12-16,90,0.7761194029850746,0.7761194029850746,0
LT54,2024-12-16,10,0.625,0.625,0
LT54,2024-12-16,20,1.75,1.75,0
LT54,2024-12-16,30,1.7708333333333333,1.7708333333333333,0
LT54,2024-12-16,40,1.607142857142857,1.607142857142857,0
LT54,2024-12-16,50,1.4745762711864407,1.4745762711864407,0
LT54,2024-12-16,60,1.4666666666666668,1.4666666666666668,0
LT54,2024-12-16,70,1.403225806451613,1.403225806451613,0
LT54,2024-12-16,80,1.34375,1.34375,0
LT54,2024-12-16,90,1.265625,1.265625,0
LT62,2024-12-16,10,0.35000000000000003,0.35000000000000003,0
LT62,2024-12-16,20,0.3870967741935484,0.3870967741935484,0
LT62,2024-12-16,30,0.33333333333333337,0.33333333333333337,0
LT62,2024-12-16,40,0.3548387096774194,0.3548387096774194,0
LT62,2024-12-16,50,0.4153846153846154,0.4153846153846154,0
LT62,2024-12-16,60,0.45588235294117646,0.45588235294117646,0
LT62,2024-12-16,70,0.5223880597014925,0.5223880597014925,0
LT62,2024-12-16,80,0.5671641791044776,0.5671641791044776,0
LT62,2024-12-16,90,0.5671641791044776,0.5671641791044776,0
LT63,2024-12-16,10,0.7083333333333334,0.7083333333333334,0
LT63,2024-12-16,20,0.5952380952380952,0.5952380952380952,0
LT63,2024-12-16,30,0.5555555555555555,0.5555555555555555,0
LT63,2024-12-16,40,0.6545454545454544,0.6545454545454544,0
LT63,2024-12-16,50,0.7818181818181817,0.7818181818181817,0
LT63,2024-12-16,60,0.7894736842105264,0.7894736842105264,0
LT63,2024-12-16,70,0.7796610169491526,0.7796610169491526,0
LT63,2024-12-16,80,0.7966101694915254,0.7966101694915254,0
LT63,2024-12-16,90,0.7796610169491526,0.7796610169491526,0
LT61,2024-12-16,10,0.3548387096774194,0.3548387096774194,0
LT61,2024-12-16,20,0.39999999999999997,0.39999999999999997,0
LT61,2024-12-16,30,0.5217391304347826,0.5217391304347826,0
LT61,2024-12-16,40,0.6153846153846154,0.6153846153846154,0
LT61,2024-12-16,50,0.7090909090909091,0.7090909090909091,0
LT61,2024-12-16,60,0.6833333333333333,0.6833333333333333,0
LT61,2024-12-16,70,0.6825396825396826,0.6825396825396826,0
LT61,2024-12-16,80,0.7460317460317459,0.7460317460317459,0
LT61,2024-12-16,90,0.7301587301587302,0.7301587301587302,0
LT64,2024-12-16,10,3.4285714285714284,3.4285714285714284,0
LT64,2024-12-16,20,3.4615384615384617,3.4615384615384617,0
LT64,2024-12-16,30,3.4333333333333336,3.4333333333333336,0
LT64,2024-12-16,40,3.0000000000000004,3.0000000000000004,0
LT64,2024-12-16,50,2.9302325581395348,2.9302325581395348,0
LT64,2024-12-16,60,2.6470588235294117,2.6470588235294117,0
LT64,2024-12-16,70,2.527272727272727,2.527272727272727,0
LT64,2024-12-16,80,2.3333333333333335,2.3333333333333335,0
LT64,2024-12-16,90,2.0701754385964914,2.0701754385964914,0
